scope	mode	seq	dir	len	bip39_words	bip39_windows	bip39_valid	el_win12_13	el_valid12_13	el_win_all	el_valid_all	old_windows	wif_bip38_valid
CTRL-i	w10	emph	fwd	89	33	230	8	304	0	1833	7	0	0
CTRL-i	w10	emph	rev	89	33	230	6	304	0	1833	4	0	0
CTRL-i	w10	bold_nobar	fwd	46	22	86	6	138	0	754	2	0	0
CTRL-i	w10	bold_nobar	rev	46	22	86	2	138	2	754	8	0	0
CTRL-i	w10	nonemph	fwd	208	43	435	10	784	0	4953	22	0	0
CTRL-i	w10	nonemph	rev	208	43	435	8	784	0	4953	18	0	0
CTRL-i	w10	runfirst	fwd	16	8	1	0	18	0	30	0	0	0
CTRL-i	w10	runfirst	rev	16	8	1	0	18	0	30	0	0	0
CTRL-i	w10	runlast	fwd	16	6	0	0	14	0	21	0	0	0
CTRL-i	w10	runlast	rev	16	6	0	0	14	0	21	0	0	0
CTRL-i	w10	before	fwd	16	6	0	0	9	0	15	0	0	0
CTRL-i	w10	before	rev	16	6	0	0	9	0	15	0	0	0
CTRL-i	w10	after	fwd	16	2	0	0	18	0	30	0	0	0
CTRL-i	w10	after	rev	16	2	0	0	18	0	30	0	0	0
CTRL-i	w10	runfirst_L	fwd	24	10	7	1	50	0	182	0	0	0
CTRL-i	w10	runfirst_L	rev	24	10	7	0	50	0	182	1	0	0
CTRL-i	w10	runlast_L	fwd	24	9	3	1	46	1	157	1	0	0
CTRL-i	w10	runlast_L	rev	24	9	3	0	46	0	157	0	0	0
CTRL-i	w10	boldrun_first	fwd	10	5	0	0	0	0	0	0	0	0
CTRL-i	w10	boldrun_first	rev	10	5	0	0	0	0	0	0	0	0
CTRL-i	w10	boldrun_last	fwd	10	5	0	0	0	0	0	0	0	0
CTRL-i	w10	boldrun_last	rev	10	5	0	0	0	0	0	0	0	0
CTRL-i	w10	sent_emph_first	fwd	15	8	0	0	14	0	20	0	0	0
CTRL-i	w10	sent_emph_first	rev	15	8	0	0	14	0	20	0	0	0
CTRL-i	w10	sent_emph_last	fwd	15	4	0	0	12	0	16	0	0	0
CTRL-i	w10	sent_emph_last	rev	15	4	0	0	12	0	16	0	0	0
CTRL-i	w10	esent_first	fwd	15	5	0	0	14	0	20	0	0	0
CTRL-i	w10	esent_first	rev	15	5	0	0	14	0	20	0	0	0
CTRL-i	w10	esent_last	fwd	15	4	0	0	12	0	16	1	0	0
CTRL-i	w10	esent_last	rev	15	4	0	0	12	0	16	0	0	0
CTRL-i	w10	bar_all	fwd	43	11	12	0	120	0	637	8	0	0
CTRL-i	w10	bar_all	rev	43	11	12	2	120	0	637	2	0	0
CTRL-i	w10	orange	fwd	30	9	2	0	68	0	299	1	0	0
CTRL-i	w10	orange	rev	30	9	2	1	68	0	299	0	0	0
CTRL-i	w10	black	fwd	13	2	0	0	6	0	6	0	0	0
CTRL-i	w10	black	rev	13	2	0	0	6	0	6	0	0	0
CTRL-i	w10	white	fwd	0	0	0	0	0	0	0	0	0	0
CTRL-i	w10	white	rev	0	0	0	0	0	0	0	0	0	0
CTRL-i	w10	under_strike	fwd	6	3	0	0	0	0	0	0	0	0
CTRL-i	w10	under_strike	rev	6	3	0	0	0	0	0	0	0	0
CTRL-i	w10	sent_first	fwd	27	7	0	0	62	0	260	0	0	0
CTRL-i	w10	sent_first	rev	27	7	0	0	62	0	260	2	0	0
CTRL-i	w10	sent_last	fwd	27	11	7	1	60	2	247	2	0	0
CTRL-i	w10	sent_last	rev	27	11	7	0	60	0	247	0	0	0
CTRL-ii	w10	emph	fwd	73	22	91	3	244	6	1443	9	0	0
CTRL-ii	w10	emph	rev	73	22	91	4	244	5	1443	10	0	0
CTRL-ii	w10	bold_nobar	fwd	26	13	7	0	29	1	117	2	0	0
CTRL-ii	w10	bold_nobar	rev	26	13	7	0	29	0	117	0	0	0
CTRL-ii	w10	nonemph	fwd	213	33	680	12	1203	1	7605	22	0	0
CTRL-ii	w10	nonemph	rev	213	33	680	19	1203	10	7605	45	0	0
CTRL-ii	w10	runfirst	fwd	18	4	0	0	24	0	49	0	0	0
CTRL-ii	w10	runfirst	rev	18	4	0	0	24	0	49	0	0	0
CTRL-ii	w10	runlast	fwd	18	5	0	0	13	0	28	0	0	0
CTRL-ii	w10	runlast	rev	18	5	0	0	13	0	28	0	0	0
CTRL-ii	w10	before	fwd	17	1	0	0	22	0	42	0	0	0
CTRL-ii	w10	before	rev	17	1	0	0	22	0	42	0	0	0
CTRL-ii	w10	after	fwd	17	2	0	0	22	0	42	0	0	0
CTRL-ii	w10	after	rev	17	2	0	0	22	0	42	0	0	0
CTRL-ii	w10	runfirst_L	fwd	21	5	0	0	36	0	100	0	0	0
CTRL-ii	w10	runfirst_L	rev	21	5	0	0	36	0	100	1	0	0
CTRL-ii	w10	runlast_L	fwd	21	5	0	0	19	0	55	0	0	0
CTRL-ii	w10	runlast_L	rev	21	5	0	0	19	0	55	0	0	0
CTRL-ii	w10	boldrun_first	fwd	10	3	0	0	0	0	0	0	0	0
CTRL-ii	w10	boldrun_first	rev	10	3	0	0	0	0	0	0	0	0
CTRL-ii	w10	boldrun_last	fwd	10	4	0	0	0	0	0	0	0	0
CTRL-ii	w10	boldrun_last	rev	10	4	0	0	0	0	0	0	0	0
CTRL-ii	w10	sent_emph_first	fwd	15	3	0	0	14	0	20	0	0	0
CTRL-ii	w10	sent_emph_first	rev	15	3	0	0	14	0	20	0	0	0
CTRL-ii	w10	sent_emph_last	fwd	15	4	0	0	7	0	10	0	0	0
CTRL-ii	w10	sent_emph_last	rev	15	4	0	0	7	0	10	0	0	0
CTRL-ii	w10	esent_first	fwd	15	2	0	0	14	0	20	0	0	0
CTRL-ii	w10	esent_first	rev	15	2	0	0	14	0	20	0	0	0
CTRL-ii	w10	esent_last	fwd	15	2	0	0	14	0	20	0	0	0
CTRL-ii	w10	esent_last	rev	15	2	0	0	14	0	20	0	0	0
CTRL-ii	w10	bar_all	fwd	47	9	5	1	140	0	767	2	0	0
CTRL-ii	w10	bar_all	rev	47	9	5	2	140	1	767	6	0	0
CTRL-ii	w10	orange	fwd	24	3	0	0	25	0	91	1	0	0
CTRL-ii	w10	orange	rev	24	3	0	0	25	0	91	0	0	0
CTRL-ii	w10	black	fwd	23	6	0	0	44	0	144	0	0	0
CTRL-ii	w10	black	rev	23	6	0	0	44	0	144	0	0	0
CTRL-ii	w10	white	fwd	0	0	0	0	0	0	0	0	0	0
CTRL-ii	w10	white	rev	0	0	0	0	0	0	0	0	0	0
CTRL-ii	w10	under_strike	fwd	9	1	0	0	0	0	0	0	0	0
CTRL-ii	w10	under_strike	rev	9	1	0	0	0	0	0	0	0	0
CTRL-ii	w10	sent_first	fwd	21	2	0	0	38	0	110	1	0	0
CTRL-ii	w10	sent_first	rev	21	2	0	0	38	0	110	1	0	0
CTRL-ii	w10	sent_last	fwd	21	3	0	0	38	1	110	2	0	0
CTRL-ii	w10	sent_last	rev	21	3	0	0	38	0	110	0	0	0
CTRL-iii	w10	emph	fwd	124	16	47	2	446	0	2756	12	0	2
CTRL-iii	w10	emph	rev	124	16	47	1	446	2	2756	13	0	2
CTRL-iii	w10	bold_nobar	fwd	86	5	0	0	294	0	1768	7	0	2
CTRL-iii	w10	bold_nobar	rev	86	5	0	0	294	0	1768	7	0	2
CTRL-iii	w10	nonemph	fwd	191	39	750	24	1067	4	6721	29	0	0
CTRL-iii	w10	nonemph	rev	191	39	750	15	1067	7	6721	40	0	0
CTRL-iii	w10	runfirst	fwd	12	2	0	0	1	0	1	0	0	0
CTRL-iii	w10	runfirst	rev	12	2	0	0	1	0	1	0	0	0
CTRL-iii	w10	runlast	fwd	12	2	0	0	1	0	1	0	0	0
CTRL-iii	w10	runlast	rev	12	2	0	0	1	0	1	0	0	0
CTRL-iii	w10	before	fwd	12	3	0	0	1	0	1	0	0	0
CTRL-iii	w10	before	rev	12	3	0	0	1	0	1	0	0	0
CTRL-iii	w10	after	fwd	12	1	0	0	2	0	2	0	0	0
CTRL-iii	w10	after	rev	12	1	0	0	2	0	2	0	0	0
CTRL-iii	w10	runfirst_L	fwd	19	4	0	0	28	2	64	2	0	0
CTRL-iii	w10	runfirst_L	rev	19	4	0	0	28	0	64	0	0	0
CTRL-iii	w10	runlast_L	fwd	19	3	0	0	28	0	64	0	0	0
CTRL-iii	w10	runlast_L	rev	19	3	0	0	28	0	64	0	0	0
CTRL-iii	w10	boldrun_first	fwd	7	2	0	0	0	0	0	0	0	0
CTRL-iii	w10	boldrun_first	rev	7	2	0	0	0	0	0	0	0	0
CTRL-iii	w10	boldrun_last	fwd	7	2	0	0	0	0	0	0	0	0
CTRL-iii	w10	boldrun_last	rev	7	2	0	0	0	0	0	0	0	0
CTRL-iii	w10	sent_emph_first	fwd	10	3	0	0	0	0	0	0	0	0
CTRL-iii	w10	sent_emph_first	rev	10	3	0	0	0	0	0	0	0	0
CTRL-iii	w10	sent_emph_last	fwd	10	2	0	0	0	0	0	0	0	0
CTRL-iii	w10	sent_emph_last	rev	10	2	0	0	0	0	0	0	0	0
CTRL-iii	w10	esent_first	fwd	10	1	0	0	0	0	0	0	0	0
CTRL-iii	w10	esent_first	rev	10	1	0	0	0	0	0	0	0	0
CTRL-iii	w10	esent_last	fwd	10	4	0	0	0	0	0	0	0	0
CTRL-iii	w10	esent_last	rev	10	4	0	0	0	0	0	0	0	0
CTRL-iii	w10	bar_all	fwd	38	11	9	1	53	0	273	2	0	0
CTRL-iii	w10	bar_all	rev	38	11	9	0	53	1	273	1	0	0
CTRL-iii	w10	orange	fwd	11	2	0	0	0	0	0	0	0	0
CTRL-iii	w10	orange	rev	11	2	0	0	0	0	0	0	0	0
CTRL-iii	w10	black	fwd	0	0	0	0	0	0	0	0	0	0
CTRL-iii	w10	black	rev	0	0	0	0	0	0	0	0	0	0
CTRL-iii	w10	white	fwd	27	9	1	0	31	0	130	1	0	0
CTRL-iii	w10	white	rev	27	9	1	0	31	1	130	1	0	0
CTRL-iii	w10	under_strike	fwd	0	0	0	0	0	0	0	0	0	0
CTRL-iii	w10	under_strike	rev	0	0	0	0	0	0	0	0	0	0
CTRL-iii	w10	sent_first	fwd	16	1	0	0	18	0	30	0	0	0
CTRL-iii	w10	sent_first	rev	16	1	0	0	18	0	30	0	0	0
CTRL-iii	w10	sent_last	fwd	16	4	0	0	9	0	15	0	0	0
CTRL-iii	w10	sent_last	rev	16	4	0	0	9	0	15	0	0	0
CTRL-v	w10	emph	fwd	73	16	57	2	244	2	1443	6	14	0
CTRL-v	w10	emph	rev	73	16	57	1	244	6	1443	11	14	0
CTRL-v	w10	bold_nobar	fwd	26	7	1	1	29	0	117	0	3	0
CTRL-v	w10	bold_nobar	rev	26	7	1	0	29	0	117	0	3	0
CTRL-v	w10	nonemph	fwd	213	33	680	12	1203	1	7605	22	49	0
CTRL-v	w10	nonemph	rev	213	33	680	19	1203	10	7605	45	49	0
CTRL-v	w10	runfirst	fwd	18	2	0	0	24	0	49	0	0	0
CTRL-v	w10	runfirst	rev	18	2	0	0	24	0	49	0	0	0
CTRL-v	w10	runlast	fwd	18	4	0	0	13	0	28	0	0	0
CTRL-v	w10	runlast	rev	18	4	0	0	13	0	28	0	0	0
CTRL-v	w10	before	fwd	17	1	0	0	22	0	42	0	0	0
CTRL-v	w10	before	rev	17	1	0	0	22	0	42	0	0	0
CTRL-v	w10	after	fwd	17	2	0	0	22	0	42	0	0	0
CTRL-v	w10	after	rev	17	2	0	0	22	0	42	0	0	0
CTRL-v	w10	runfirst_L	fwd	21	3	0	0	36	0	100	1	0	0
CTRL-v	w10	runfirst_L	rev	21	3	0	0	36	0	100	0	0	0
CTRL-v	w10	runlast_L	fwd	21	4	0	0	19	0	55	0	0	0
CTRL-v	w10	runlast_L	rev	21	4	0	0	19	0	55	0	0	0
CTRL-v	w10	boldrun_first	fwd	10	1	0	0	0	0	0	0	0	0
CTRL-v	w10	boldrun_first	rev	10	1	0	0	0	0	0	0	0	0
CTRL-v	w10	boldrun_last	fwd	10	3	0	0	0	0	0	0	0	0
CTRL-v	w10	boldrun_last	rev	10	3	0	0	0	0	0	0	0	0
CTRL-v	w10	sent_emph_first	fwd	15	1	0	0	14	0	20	0	0	0
CTRL-v	w10	sent_emph_first	rev	15	1	0	0	14	0	20	0	0	0
CTRL-v	w10	sent_emph_last	fwd	15	4	0	0	7	0	10	0	0	0
CTRL-v	w10	sent_emph_last	rev	15	4	0	0	7	0	10	0	0	0
CTRL-v	w10	esent_first	fwd	15	2	0	0	14	0	20	0	0	0
CTRL-v	w10	esent_first	rev	15	2	0	0	14	0	20	0	0	0
CTRL-v	w10	esent_last	fwd	15	2	0	0	14	0	20	0	0	0
CTRL-v	w10	esent_last	rev	15	2	0	0	14	0	20	0	0	0
CTRL-v	w10	bar_all	fwd	47	9	5	1	140	0	767	2	0	0
CTRL-v	w10	bar_all	rev	47	9	5	2	140	1	767	6	0	0
CTRL-v	w10	orange	fwd	24	3	0	0	25	0	91	1	0	0
CTRL-v	w10	orange	rev	24	3	0	0	25	0	91	0	0	0
CTRL-v	w10	black	fwd	23	6	0	0	44	0	144	0	0	0
CTRL-v	w10	black	rev	23	6	0	0	44	0	144	0	0	0
CTRL-v	w10	white	fwd	0	0	0	0	0	0	0	0	0	0
CTRL-v	w10	white	rev	0	0	0	0	0	0	0	0	0	0
CTRL-v	w10	under_strike	fwd	9	1	0	0	0	0	0	0	0	0
CTRL-v	w10	under_strike	rev	9	1	0	0	0	0	0	0	0	0
CTRL-v	w10	sent_first	fwd	21	2	0	0	38	0	110	1	0	0
CTRL-v	w10	sent_first	rev	21	2	0	0	38	0	110	1	0	0
CTRL-v	w10	sent_last	fwd	21	3	0	0	38	1	110	2	0	0
CTRL-v	w10	sent_last	rev	21	3	0	0	38	0	110	0	0	0
all+p79json	w10	emph	fwd	454	100	2350	59	2633	11	16900	89	181	0
all+p79json	w10	emph	rev	454	100	2350	67	2633	18	16900	78	181	0
all+p79json	w10	bold_nobar	fwd	238	50	1010	26	1357	9	8606	38	41	0
all+p79json	w10	bold_nobar	rev	238	50	1010	32	1357	3	8606	34	41	0
all+p79json	w10	nonemph	fwd	807	169	4260	107	4739	14	30589	124	302	0
all+p79json	w10	nonemph	rev	807	169	4260	95	4739	20	30589	157	302	0
all+p79json	w10	runfirst	fwd	57	11	12	1	176	0	1001	3	0	0
all+p79json	w10	runfirst	rev	57	11	12	1	176	1	1001	8	0	0
all+p79json	w10	runlast	fwd	57	15	50	1	176	1	1001	6	2	0
all+p79json	w10	runlast	rev	57	15	50	1	176	0	1001	3	2	0
all+p79json	w10	before	fwd	57	12	19	2	275	8	1573	9	0	0
all+p79json	w10	before	rev	57	12	19	0	275	1	1573	5	0	0
all+p79json	w10	after	fwd	57	8	2	0	182	1	1040	6	0	0
all+p79json	w10	after	rev	57	8	2	0	182	0	1040	3	0	0
all+p79json	w10	runfirst_L	fwd	101	26	140	4	527	4	3211	12	10	0
all+p79json	w10	runfirst_L	rev	101	26	140	4	527	1	3211	14	10	0
all+p79json	w10	runlast_L	fwd	101	20	280	10	525	7	3198	19	13	0
all+p79json	w10	runlast_L	rev	101	20	280	11	525	2	3198	21	13	0
all+p79json	w10	boldrun_first	fwd	31	7	2	0	76	0	351	1	0	0
all+p79json	w10	boldrun_first	rev	31	7	2	0	76	0	351	0	0	0
all+p79json	w10	boldrun_last	fwd	31	11	5	0	76	0	351	2	0	0
all+p79json	w10	boldrun_last	rev	31	11	5	1	76	0	351	3	0	0
all+p79json	w10	sent_emph_first	fwd	59	14	25	2	188	2	1079	6	1	0
all+p79json	w10	sent_emph_first	rev	59	14	25	1	188	0	1079	4	1	0
all+p79json	w10	sent_emph_last	fwd	59	15	55	3	279	6	1599	23	4	0
all+p79json	w10	sent_emph_last	rev	59	15	55	1	279	2	1599	12	4	0
all+p79json	w10	esent_first	fwd	59	11	9	2	190	1	1092	5	1	0
all+p79json	w10	esent_first	rev	59	11	9	0	190	1	1092	7	1	0
all+p79json	w10	esent_last	fwd	59	16	62	1	289	0	1664	7	6	0
all+p79json	w10	esent_last	rev	59	16	62	2	289	2	1664	8	6	0
all+p79json	w10	bar_all	fwd	216	50	1000	24	1207	6	7631	64	77	0
all+p79json	w10	bar_all	rev	216	50	1000	33	1207	5	7631	30	77	0
all+p79json	w10	orange	fwd	128	28	430	13	683	2	4225	28	33	0
all+p79json	w10	orange	rev	128	28	430	10	683	2	4225	10	33	0
all+p79json	w10	black	fwd	61	13	32	0	196	2	1131	3	5	0
all+p79json	w10	black	rev	61	13	32	2	196	1	1131	10	5	0
all+p79json	w10	white	fwd	27	9	1	0	31	0	130	1	0	0
all+p79json	w10	white	rev	27	9	1	0	31	1	130	1	0	0
all+p79json	w10	under_strike	fwd	15	4	0	0	14	0	20	0	0	0
all+p79json	w10	under_strike	rev	15	4	0	0	14	0	20	0	0	0
all+p79json	w10	sent_first	fwd	88	13	32	0	306	0	1846	6	3	0
all+p79json	w10	sent_first	rev	88	13	32	2	306	1	1846	8	3	0
all+p79json	w10	sent_last	fwd	88	24	170	3	459	8	2769	20	15	0
all+p79json	w10	sent_last	rev	88	24	170	5	459	0	2769	5	15	0
all+p79json	w05	emph	fwd	497	113	2680	58	2887	14	18551	86	203	0
all+p79json	w05	emph	rev	497	113	2680	55	2887	22	18551	102	203	0
all+p79json	w05	bold_nobar	fwd	281	63	1340	30	1611	11	10257	47	52	0
all+p79json	w05	bold_nobar	rev	281	63	1340	29	1611	4	10257	57	52	0
all+p79json	w05	nonemph	fwd	764	156	3930	82	4485	17	28938	126	280	0
all+p79json	w05	nonemph	rev	764	156	3930	96	4485	21	28938	152	280	0
all+p79json	w05	runfirst	fwd	80	19	85	5	266	1	1586	7	2	0
all+p79json	w05	runfirst	rev	80	19	85	5	266	0	1586	4	2	0
all+p79json	w05	runlast	fwd	80	20	113	1	266	0	1586	4	7	0
all+p79json	w05	runlast	rev	80	20	113	6	266	1	1586	2	7	0
all+p79json	w05	before	fwd	80	17	59	1	413	0	2470	12	6	0
all+p79json	w05	before	rev	80	17	59	6	413	0	2470	13	6	0
all+p79json	w05	after	fwd	80	13	28	0	274	0	1638	8	1	0
all+p79json	w05	after	rev	80	13	28	1	274	1	1638	8	1	0
all+p79json	w05	runfirst_L	fwd	125	34	245	8	667	6	4121	20	15	0
all+p79json	w05	runfirst_L	rev	125	34	245	2	667	5	4121	28	15	0
all+p79json	w05	runlast_L	fwd	125	25	425	12	665	3	4108	15	19	0
all+p79json	w05	runlast_L	rev	125	25	425	16	665	1	4108	19	19	0
all+p79json	w05	boldrun_first	fwd	54	15	50	3	166	0	936	0	0	0
all+p79json	w05	boldrun_first	rev	54	15	50	3	166	2	936	4	0	0
all+p79json	w05	boldrun_last	fwd	54	16	47	2	166	0	936	0	4	0
all+p79json	w05	boldrun_last	rev	54	16	47	0	166	5	936	9	4	0
all+p79json	w05	sent_emph_first	fwd	66	14	29	1	216	1	1261	4	1	0
all+p79json	w05	sent_emph_first	rev	66	14	29	2	216	4	1261	7	1	0
all+p79json	w05	sent_emph_last	fwd	66	14	53	2	317	2	1846	13	6	0
all+p79json	w05	sent_emph_last	rev	66	14	53	1	317	1	1846	10	6	0
all+p79json	w05	esent_first	fwd	66	11	9	2	218	1	1274	6	1	0
all+p79json	w05	esent_first	rev	66	11	9	0	218	1	1274	4	1	0
all+p79json	w05	esent_last	fwd	66	16	77	1	331	3	1937	7	8	0
all+p79json	w05	esent_last	rev	66	16	77	5	331	3	1937	8	8	0
all+p79json	any	emph	fwd	559	126	3050	81	3259	8	20969	119	227	0
all+p79json	any	emph	rev	559	126	3050	86	3259	31	20969	121	227	0
all+p79json	any	bold_nobar	fwd	343	76	1710	23	1983	7	12675	62	64	0
all+p79json	any	bold_nobar	rev	343	76	1710	46	1983	14	12675	59	64	0
all+p79json	any	nonemph	fwd	702	143	3560	87	4113	18	26520	123	256	0
all+p79json	any	nonemph	rev	702	143	3560	71	4113	13	26520	143	256	0
all+p79json	any	runfirst	fwd	74	11	22	0	244	1	1443	5	0	0
all+p79json	any	runfirst	rev	74	11	22	1	244	2	1443	7	0	0
all+p79json	any	runlast	fwd	74	17	89	3	244	0	1443	11	3	0
all+p79json	any	runlast	rev	74	17	89	1	244	0	1443	6	3	0
all+p79json	any	before	fwd	74	14	29	3	377	0	2236	3	1	0
all+p79json	any	before	rev	74	14	29	1	377	0	2236	6	1	0
all+p79json	any	after	fwd	74	7	2	0	250	3	1482	5	0	0
all+p79json	any	after	rev	74	7	2	0	250	0	1482	9	0	0
all+p79json	any	runfirst_L	fwd	130	27	185	6	701	2	4342	16	12	0
all+p79json	any	runfirst_L	rev	130	27	185	5	701	3	4342	26	12	0
all+p79json	any	runlast_L	fwd	130	26	465	11	699	4	4329	27	18	0
all+p79json	any	runlast_L	rev	130	26	465	11	699	3	4329	23	18	0
all+p79json	any	boldrun_first	fwd	48	7	7	1	144	0	793	5	0	0
all+p79json	any	boldrun_first	rev	48	7	7	1	144	0	793	3	0	0
all+p79json	any	boldrun_last	fwd	48	13	28	2	144	0	793	6	0	0
all+p79json	any	boldrun_last	rev	48	13	28	2	144	3	793	6	0	0
all+p79json	any	sent_emph_first	fwd	68	12	13	1	224	0	1313	9	1	0
all+p79json	any	sent_emph_first	rev	68	12	13	0	224	1	1313	4	1	0
all+p79json	any	sent_emph_last	fwd	68	15	70	2	333	0	1950	10	7	0
all+p79json	any	sent_emph_last	rev	68	15	70	2	333	1	1950	9	7	0
all+p79json	any	esent_first	fwd	68	11	12	1	226	2	1326	5	1	0
all+p79json	any	esent_first	rev	68	11	12	1	226	2	1326	5	1	0
all+p79json	any	esent_last	fwd	68	16	82	2	343	3	2015	6	9	0
all+p79json	any	esent_last	rev	68	16	82	4	343	0	2015	5	9	0
all+p79hand	w10	emph	fwd	471	108	2520	68	2735	8	17563	97	195	0
all+p79hand	w10	emph	rev	471	108	2520	71	2735	20	17563	88	195	0
all+p79hand	w10	bold_nobar	fwd	255	58	1180	23	1459	7	9269	60	48	0
all+p79hand	w10	bold_nobar	rev	255	58	1180	40	1459	3	9269	42	48	0
all+p79hand	w10	nonemph	fwd	790	161	4090	101	4637	14	29926	119	288	0
all+p79hand	w10	nonemph	rev	790	161	4090	95	4637	23	29926	159	288	0
all+p79hand	w10	runfirst	fwd	65	16	37	1	208	1	1209	6	0	0
all+p79hand	w10	runfirst	rev	65	16	37	2	208	1	1209	9	0	0
all+p79hand	w10	runlast	fwd	65	19	80	2	208	1	1209	8	5	0
all+p79hand	w10	runlast	rev	65	19	80	3	208	0	1209	5	5	0
all+p79hand	w10	before	fwd	65	14	25	2	323	8	1885	15	1	0
all+p79hand	w10	before	rev	65	14	25	0	323	1	1885	11	1	0
all+p79hand	w10	after	fwd	65	10	5	1	214	1	1248	6	0	0
all+p79hand	w10	after	rev	65	10	5	1	214	0	1248	4	0	0
all+p79hand	w10	runfirst_L	fwd	110	31	190	4	581	4	3562	14	13	0
all+p79hand	w10	runfirst_L	rev	110	31	190	7	581	1	3562	19	13	0
all+p79hand	w10	runlast_L	fwd	110	24	355	12	579	4	3549	19	16	0
all+p79hand	w10	runlast_L	rev	110	24	355	13	579	2	3549	24	16	0
all+p79hand	w10	boldrun_first	fwd	39	12	13	0	108	0	559	4	0	0
all+p79hand	w10	boldrun_first	rev	39	12	13	1	108	0	559	3	0	0
all+p79hand	w10	boldrun_last	fwd	39	15	20	1	108	0	559	2	2	0
all+p79hand	w10	boldrun_last	rev	39	15	20	1	108	0	559	4	2	0
all+p79hand	w10	sent_emph_first	fwd	61	17	44	2	196	2	1131	5	1	0
all+p79hand	w10	sent_emph_first	rev	61	17	44	2	196	0	1131	4	1	0
all+p79hand	w10	sent_emph_last	fwd	61	15	60	2	291	6	1677	23	6	0
all+p79hand	w10	sent_emph_last	rev	61	15	60	1	291	2	1677	12	6	0
all+p79hand	w10	esent_first	fwd	61	11	9	2	198	1	1144	6	1	0
all+p79hand	w10	esent_first	rev	61	11	9	0	198	1	1144	5	1	0
all+p79hand	w10	esent_last	fwd	61	16	72	0	301	1	1742	8	7	0
all+p79hand	w10	esent_last	rev	61	16	72	3	301	2	1742	7	7	0
all+p79hand	w10	bar_all	fwd	216	50	1000	24	1207	6	7631	64	77	0
all+p79hand	w10	bar_all	rev	216	50	1000	33	1207	5	7631	30	77	0
all+p79hand	w10	orange	fwd	128	28	430	13	683	2	4225	28	33	0
all+p79hand	w10	orange	rev	128	28	430	10	683	2	4225	10	33	0
all+p79hand	w10	black	fwd	61	13	32	0	196	2	1131	3	5	0
all+p79hand	w10	black	rev	61	13	32	2	196	1	1131	10	5	0
all+p79hand	w10	white	fwd	27	9	1	0	31	0	130	1	0	0
all+p79hand	w10	white	rev	27	9	1	0	31	1	130	1	0	0
all+p79hand	w10	under_strike	fwd	15	4	0	0	14	0	20	0	0	0
all+p79hand	w10	under_strike	rev	15	4	0	0	14	0	20	0	0	0
all+p79hand	w10	sent_first	fwd	88	13	32	0	306	0	1846	6	3	0
all+p79hand	w10	sent_first	rev	88	13	32	2	306	1	1846	8	3	0
all+p79hand	w10	sent_last	fwd	88	24	170	3	459	8	2769	20	15	0
all+p79hand	w10	sent_last	rev	88	24	170	5	459	0	2769	5	15	0
all+p79hand	w05	emph	fwd	497	114	2710	63	2891	11	18577	99	207	0
all+p79hand	w05	emph	rev	497	114	2710	61	2891	24	18577	100	207	0
all+p79hand	w05	bold_nobar	fwd	281	64	1370	26	1615	8	10283	64	54	0
all+p79hand	w05	bold_nobar	rev	281	64	1370	36	1615	4	10283	54	54	0
all+p79hand	w05	nonemph	fwd	764	155	3900	86	4481	17	28912	122	276	0
all+p79hand	w05	nonemph	rev	764	155	3900	100	4481	23	28912	154	276	0
all+p79hand	w05	runfirst	fwd	79	19	85	4	264	1	1573	8	2	0
all+p79hand	w05	runfirst	rev	79	19	85	6	264	0	1573	5	2	0
all+p79hand	w05	runlast	fwd	79	21	122	2	264	0	1573	2	7	0
all+p79hand	w05	runlast	rev	79	21	122	4	264	0	1573	4	7	0
all+p79hand	w05	before	fwd	79	15	40	0	407	0	2431	9	4	0
all+p79hand	w05	before	rev	79	15	40	4	407	0	2431	12	4	0
all+p79hand	w05	after	fwd	79	13	24	0	270	0	1612	10	0	0
all+p79hand	w05	after	rev	79	13	24	1	270	1	1612	7	0	0
all+p79hand	w05	runfirst_L	fwd	125	34	245	9	671	6	4147	20	15	0
all+p79hand	w05	runfirst_L	rev	125	34	245	2	671	5	4147	28	15	0
all+p79hand	w05	runlast_L	fwd	125	26	445	11	669	3	4134	16	19	0
all+p79hand	w05	runlast_L	rev	125	26	445	17	669	1	4134	18	19	0
all+p79hand	w05	boldrun_first	fwd	53	15	50	3	164	1	923	1	0	0
all+p79hand	w05	boldrun_first	rev	53	15	50	1	164	2	923	4	0	0
all+p79hand	w05	boldrun_last	fwd	53	17	54	1	164	0	923	0	4	0
all+p79hand	w05	boldrun_last	rev	53	17	54	1	164	5	923	6	4	0
all+p79hand	w05	sent_emph_first	fwd	66	15	35	1	216	1	1261	4	1	0
all+p79hand	w05	sent_emph_first	rev	66	15	35	2	216	4	1261	7	1	0
all+p79hand	w05	sent_emph_last	fwd	66	14	58	2	321	2	1872	15	8	0
all+p79hand	w05	sent_emph_last	rev	66	14	58	1	321	2	1872	10	8	0
all+p79hand	w05	esent_first	fwd	66	11	9	2	218	1	1274	6	1	0
all+p79hand	w05	esent_first	rev	66	11	9	0	218	1	1274	4	1	0
all+p79hand	w05	esent_last	fwd	66	16	77	1	331	3	1937	7	8	0
all+p79hand	w05	esent_last	rev	66	16	77	5	331	3	1937	8	8	0
all+p79hand	any	emph	fwd	537	120	2890	72	3131	8	20137	122	217	0
all+p79hand	any	emph	rev	537	120	2890	66	3131	27	20137	118	217	0
all+p79hand	any	bold_nobar	fwd	321	70	1550	17	1855	7	11843	72	59	0
all+p79hand	any	bold_nobar	rev	321	70	1550	49	1855	11	11843	56	59	0
all+p79hand	any	nonemph	fwd	724	149	3720	91	4241	18	27352	120	266	0
all+p79hand	any	nonemph	rev	724	149	3720	77	4241	15	27352	153	266	0
all+p79hand	any	runfirst	fwd	79	14	38	0	264	1	1573	4	0	0
all+p79hand	any	runfirst	rev	79	14	38	1	264	2	1573	8	0	0
all+p79hand	any	runlast	fwd	79	19	100	1	264	0	1573	11	5	0
all+p79hand	any	runlast	rev	79	19	100	4	264	0	1573	4	5	0
all+p79hand	any	before	fwd	79	16	47	3	407	0	2431	4	3	0
all+p79hand	any	before	rev	79	16	47	2	407	0	2431	7	3	0
all+p79hand	any	after	fwd	79	10	7	0	270	3	1612	5	0	0
all+p79hand	any	after	rev	79	10	7	0	270	0	1612	13	0	0
all+p79hand	any	runfirst_L	fwd	132	29	200	7	713	2	4420	13	13	0
all+p79hand	any	runfirst_L	rev	132	29	200	6	713	2	4420	22	13	0
all+p79hand	any	runlast_L	fwd	132	27	455	11	711	1	4407	27	19	0
all+p79hand	any	runlast_L	rev	132	27	455	14	711	0	4407	20	19	0
all+p79hand	any	boldrun_first	fwd	53	10	15	3	164	0	923	6	0	0
all+p79hand	any	boldrun_first	rev	53	10	15	0	164	0	923	2	0	0
all+p79hand	any	boldrun_last	fwd	53	15	35	0	164	0	923	6	2	0
all+p79hand	any	boldrun_last	rev	53	15	35	1	164	3	923	6	2	0
all+p79hand	any	sent_emph_first	fwd	68	14	21	1	224	0	1313	7	0	0
all+p79hand	any	sent_emph_first	rev	68	14	21	2	224	1	1313	3	0	0
all+p79hand	any	sent_emph_last	fwd	68	15	65	2	333	0	1950	10	8	0
all+p79hand	any	sent_emph_last	rev	68	15	65	2	333	1	1950	9	8	0
all+p79hand	any	esent_first	fwd	68	11	12	1	226	2	1326	5	1	0
all+p79hand	any	esent_first	rev	68	11	12	1	226	2	1326	5	1	0
all+p79hand	any	esent_last	fwd	68	16	82	2	343	3	2015	6	9	0
all+p79hand	any	esent_last	rev	68	16	82	4	343	0	2015	5	9	0
all-no79	w10	emph	fwd	359	76	1720	46	2063	2	13195	55	135	0
all-no79	w10	emph	rev	359	76	1720	48	2063	15	13195	64	135	0
all-no79	w10	bold_nobar	fwd	188	39	720	15	1057	4	6656	28	28	0
all-no79	w10	bold_nobar	rev	188	39	720	19	1057	0	6656	28	28	0
all-no79	w10	nonemph	fwd	674	130	3350	83	3955	12	25493	103	238	0
all-no79	w10	nonemph	rev	674	130	3350	75	3955	17	25493	132	238	0
all-no79	w10	runfirst	fwd	49	10	7	0	144	0	793	3	0	0
all-no79	w10	runfirst	rev	49	10	7	1	144	1	793	8	0	0
all-no79	w10	runlast	fwd	49	9	15	1	144	1	793	6	0	0
all-no79	w10	runlast	rev	49	9	15	1	144	0	793	3	0	0
all-no79	w10	before	fwd	49	11	9	2	150	3	832	3	0	0
all-no79	w10	before	rev	49	11	9	0	150	1	832	3	0	0
all-no79	w10	after	fwd	48	7	1	0	146	1	806	4	0	0
all-no79	w10	after	rev	48	7	1	0	146	0	806	3	0	0
all-no79	w10	runfirst_L	fwd	84	22	96	4	425	4	2548	12	7	0
all-no79	w10	runfirst_L	rev	84	22	96	4	425	0	2548	12	7	0
all-no79	w10	runlast_L	fwd	84	13	155	5	423	4	2535	15	6	0
all-no79	w10	runlast_L	rev	84	13	155	9	423	2	2535	18	6	0
all-no79	w10	boldrun_first	fwd	27	6	1	0	60	0	247	0	0	0
all-no79	w10	boldrun_first	rev	27	6	1	0	60	0	247	0	0	0
all-no79	w10	boldrun_last	fwd	27	8	1	0	60	0	247	0	0	0
all-no79	w10	boldrun_last	rev	27	8	1	0	60	0	247	3	0	0
all-no79	w10	sent_emph_first	fwd	51	13	17	2	156	2	871	4	0	0
all-no79	w10	sent_emph_first	rev	51	13	17	1	156	0	871	3	0	0
all-no79	w10	sent_emph_last	fwd	51	9	18	1	231	4	1287	20	1	0
all-no79	w10	sent_emph_last	rev	51	9	18	1	231	2	1287	12	1	0
all-no79	w10	esent_first	fwd	51	9	3	1	158	1	884	3	0	0
all-no79	w10	esent_first	rev	51	9	3	0	158	1	884	4	0	0
all-no79	w10	esent_last	fwd	51	11	26	0	239	0	1339	6	2	0
all-no79	w10	esent_last	rev	51	11	26	1	239	2	1339	7	2	0
all-no79	w10	bar_all	fwd	171	37	660	13	937	3	5876	43	57	0
all-no79	w10	bar_all	rev	171	37	660	29	937	5	5876	30	57	0
all-no79	w10	orange	fwd	87	16	141	6	437	2	2626	18	17	0
all-no79	w10	orange	rev	87	16	141	6	437	0	2626	5	17	0
all-no79	w10	black	fwd	57	12	23	0	180	2	1027	3	3	0
all-no79	w10	black	rev	57	12	23	2	180	1	1027	6	3	0
all-no79	w10	white	fwd	27	9	1	0	31	0	130	1	0	0
all-no79	w10	white	rev	27	9	1	0	31	1	130	1	0	0
all-no79	w10	under_strike	fwd	15	4	0	0	14	0	20	0	0	0
all-no79	w10	under_strike	rev	15	4	0	0	14	0	20	0	0	0
all-no79	w10	sent_first	fwd	77	11	18	0	262	0	1560	4	1	0
all-no79	w10	sent_first	rev	77	11	18	0	262	1	1560	8	1	0
all-no79	w10	sent_last	fwd	77	19	110	3	391	7	2327	18	10	0
all-no79	w10	sent_last	rev	77	19	110	3	391	0	2327	4	10	0
all-no79	w05	emph	fwd	385	82	1910	41	2219	5	14209	57	147	0
all-no79	w05	emph	rev	385	82	1910	38	2219	19	14209	76	147	0
all-no79	w05	bold_nobar	fwd	214	45	910	20	1213	5	7670	34	34	0
all-no79	w05	bold_nobar	rev	214	45	910	17	1213	1	7670	40	34	0
all-no79	w05	nonemph	fwd	648	124	3160	66	3799	15	24479	103	226	0
all-no79	w05	nonemph	rev	648	124	3160	78	3799	17	24479	127	226	0
all-no79	w05	runfirst	fwd	63	13	37	2	200	1	1157	6	0	0
all-no79	w05	runfirst	rev	63	13	37	5	200	0	1157	4	0	0
all-no79	w05	runlast	fwd	63	11	45	0	200	0	1157	1	1	0
all-no79	w05	runlast	rev	63	11	45	2	200	0	1157	1	1	0
all-no79	w05	before	fwd	63	12	19	0	206	0	1196	4	1	0
all-no79	w05	before	rev	63	12	19	2	206	0	1196	8	1	0
all-no79	w05	after	fwd	62	10	12	0	202	0	1170	8	0	0
all-no79	w05	after	rev	62	10	12	0	202	1	1170	5	0	0
all-no79	w05	runfirst_L	fwd	99	25	150	6	515	6	3133	17	9	0
all-no79	w05	runfirst_L	rev	99	25	150	0	515	4	3133	21	9	0
all-no79	w05	runlast_L	fwd	99	15	232	5	513	3	3120	12	9	0
all-no79	w05	runlast_L	rev	99	15	232	9	513	1	3120	14	9	0
all-no79	w05	boldrun_first	fwd	41	9	18	1	116	0	611	0	0	0
all-no79	w05	boldrun_first	rev	41	9	18	1	116	2	611	4	0	0
all-no79	w05	boldrun_last	fwd	41	10	15	0	116	0	611	0	0	0
all-no79	w05	boldrun_last	rev	41	10	15	0	116	5	611	6	0	0
all-no79	w05	sent_emph_first	fwd	56	11	12	1	176	1	1001	4	0	0
all-no79	w05	sent_emph_first	rev	56	11	12	2	176	4	1001	7	0	0
all-no79	w05	sent_emph_last	fwd	56	8	18	1	261	2	1482	13	3	0
all-no79	w05	sent_emph_last	rev	56	8	18	1	261	1	1482	7	3	0
all-no79	w05	esent_first	fwd	56	9	3	1	178	1	1014	2	0	0
all-no79	w05	esent_first	rev	56	9	3	0	178	1	1014	4	0	0
all-no79	w05	esent_last	fwd	56	11	30	1	269	2	1534	5	3	0
all-no79	w05	esent_last	rev	56	11	30	2	269	3	1534	8	3	0
all-no79	any	emph	fwd	425	88	2090	48	2459	2	15769	80	157	0
all-no79	any	emph	rev	425	88	2090	45	2459	22	15769	94	157	0
all-no79	any	bold_nobar	fwd	254	51	1090	9	1453	4	9230	42	39	0
all-no79	any	bold_nobar	rev	254	51	1090	27	1453	8	9230	42	39	0
all-no79	any	nonemph	fwd	608	118	2980	73	3559	16	22919	101	216	0
all-no79	any	nonemph	rev	608	118	2980	61	3559	12	22919	129	216	0
all-no79	any	runfirst	fwd	63	8	9	0	200	1	1157	4	0	0
all-no79	any	runfirst	rev	63	8	9	0	200	2	1157	6	0	0
all-no79	any	runlast	fwd	63	9	30	0	200	0	1157	7	0	0
all-no79	any	runlast	rev	63	9	30	1	200	0	1157	4	0	0
all-no79	any	before	fwd	63	13	24	3	206	0	1196	2	0	0
all-no79	any	before	rev	63	13	24	1	206	0	1196	2	0	0
all-no79	any	after	fwd	62	7	2	0	202	3	1170	5	0	0
all-no79	any	after	rev	62	7	2	0	202	0	1170	9	0	0
all-no79	any	runfirst_L	fwd	106	20	108	5	557	2	3406	10	7	0
all-no79	any	runfirst_L	rev	106	20	108	4	557	1	3406	16	7	0
all-no79	any	runlast_L	fwd	106	16	236	5	555	1	3393	22	9	0
all-no79	any	runlast_L	rev	106	16	236	8	555	0	3393	13	9	0
all-no79	any	boldrun_first	fwd	41	4	2	1	116	0	611	4	0	0
all-no79	any	boldrun_first	rev	41	4	2	0	116	0	611	2	0	0
all-no79	any	boldrun_last	fwd	41	8	7	0	116	0	611	4	0	0
all-no79	any	boldrun_last	rev	41	8	7	1	116	3	611	5	0	0
all-no79	any	sent_emph_first	fwd	58	10	5	0	184	0	1053	6	0	0
all-no79	any	sent_emph_first	rev	58	10	5	0	184	1	1053	2	0	0
all-no79	any	sent_emph_last	fwd	58	9	22	0	273	0	1560	10	3	0
all-no79	any	sent_emph_last	rev	58	9	22	1	273	1	1560	8	3	0
all-no79	any	esent_first	fwd	58	9	5	0	186	2	1066	3	0	0
all-no79	any	esent_first	rev	58	9	5	1	186	2	1066	4	0	0
all-no79	any	esent_last	fwd	58	11	35	2	281	2	1612	4	4	0
all-no79	any	esent_last	rev	58	11	35	2	281	0	1612	4	4	0
p75	w10	emph	fwd	77	21	112	2	256	0	1521	7	4	0
p75	w10	emph	rev	77	21	112	2	256	0	1521	4	4	0
p75	w10	bold_nobar	fwd	34	10	9	2	90	0	442	1	0	0
p75	w10	bold_nobar	rev	34	10	9	0	90	0	442	2	0	0
p75	w10	nonemph	fwd	208	43	435	10	784	0	4953	22	25	0
p75	w10	nonemph	rev	208	43	435	8	784	0	4953	18	25	0
p75	w10	runfirst	fwd	14	6	0	0	10	0	12	0	0	0
p75	w10	runfirst	rev	14	6	0	0	10	0	12	0	0	0
p75	w10	runlast	fwd	14	4	0	0	6	0	7	0	0	0
p75	w10	runlast	rev	14	4	0	0	6	0	7	0	0	0
p75	w10	before	fwd	14	5	0	0	5	0	6	0	0	0
p75	w10	before	rev	14	5	0	0	5	0	6	0	0	0
p75	w10	after	fwd	14	2	0	0	10	0	12	0	0	0
p75	w10	after	rev	14	2	0	0	10	0	12	0	0	0
p75	w10	runfirst_L	fwd	22	8	3	1	42	0	132	0	0	0
p75	w10	runfirst_L	rev	22	8	3	0	42	0	132	0	0	0
p75	w10	runlast_L	fwd	22	7	1	1	38	1	111	1	0	0
p75	w10	runlast_L	rev	22	7	1	0	38	0	111	0	0	0
p75	w10	boldrun_first	fwd	8	3	0	0	0	0	0	0	0	0
p75	w10	boldrun_first	rev	8	3	0	0	0	0	0	0	0	0
p75	w10	boldrun_last	fwd	8	3	0	0	0	0	0	0	0	0
p75	w10	boldrun_last	rev	8	3	0	0	0	0	0	0	0	0
p75	w10	sent_emph_first	fwd	14	7	0	0	10	0	12	0	0	0
p75	w10	sent_emph_first	rev	14	7	0	0	10	0	12	0	0	0
p75	w10	sent_emph_last	fwd	14	3	0	0	8	0	9	0	0	0
p75	w10	sent_emph_last	rev	14	3	0	0	8	0	9	0	0	0
p75	w10	esent_first	fwd	14	4	0	0	10	0	12	0	0	0
p75	w10	esent_first	rev	14	4	0	0	10	0	12	0	0	0
p75	w10	esent_last	fwd	14	4	0	0	5	0	6	0	0	0
p75	w10	esent_last	rev	14	4	0	0	5	0	6	0	0	0
p75	w10	bar_all	fwd	43	11	12	0	120	0	637	8	0	0
p75	w10	bar_all	rev	43	11	12	2	120	0	637	2	0	0
p75	w10	orange	fwd	30	9	2	0	68	0	299	1	0	0
p75	w10	orange	rev	30	9	2	1	68	0	299	0	0	0
p75	w10	black	fwd	13	2	0	0	6	0	6	0	0	0
p75	w10	black	rev	13	2	0	0	6	0	6	0	0	0
p75	w10	white	fwd	0	0	0	0	0	0	0	0	0	0
p75	w10	white	rev	0	0	0	0	0	0	0	0	0	0
p75	w10	under_strike	fwd	6	3	0	0	0	0	0	0	0	0
p75	w10	under_strike	rev	6	3	0	0	0	0	0	0	0	0
p75	w10	sent_first	fwd	27	6	0	0	62	0	260	0	0	0
p75	w10	sent_first	rev	27	6	0	0	62	0	260	1	0	0
p75	w10	sent_last	fwd	27	11	7	1	60	2	247	2	0	0
p75	w10	sent_last	rev	27	11	7	0	60	0	247	0	0	0
p75	w05	emph	fwd	88	22	141	4	300	2	1807	11	7	0
p75	w05	emph	rev	88	22	141	2	300	3	1807	5	7	0
p75	w05	bold_nobar	fwd	45	11	26	1	134	0	728	3	0	0
p75	w05	bold_nobar	rev	45	11	26	0	134	1	728	4	0	0
p75	w05	nonemph	fwd	197	42	405	7	740	0	4667	22	22	0
p75	w05	nonemph	rev	197	42	405	9	740	0	4667	16	22	0
p75	w05	runfirst	fwd	20	7	2	1	34	1	90	1	0	0
p75	w05	runfirst	rev	20	7	2	0	34	0	90	0	0	0
p75	w05	runlast	fwd	20	4	0	0	30	0	73	0	0	0
p75	w05	runlast	rev	20	4	0	0	30	0	73	0	0	0
p75	w05	before	fwd	20	6	0	0	17	0	45	0	0	0
p75	w05	before	rev	20	6	0	0	17	0	45	0	0	0
p75	w05	after	fwd	20	4	0	0	34	0	90	1	0	0
p75	w05	after	rev	20	4	0	0	34	0	90	0	0	0
p75	w05	runfirst_L	fwd	28	9	9	1	66	0	286	3	0	0
p75	w05	runfirst_L	rev	28	9	9	0	66	0	286	1	0	0
p75	w05	runlast_L	fwd	28	7	3	1	62	1	260	2	0	0
p75	w05	runlast_L	rev	28	7	3	0	62	0	260	0	0	0
p75	w05	boldrun_first	fwd	14	4	0	0	5	0	6	0	0	0
p75	w05	boldrun_first	rev	14	4	0	0	5	0	6	0	0	0
p75	w05	boldrun_last	fwd	14	3	0	0	5	0	6	0	0	0
p75	w05	boldrun_last	rev	14	3	0	0	5	0	6	0	0	0
p75	w05	sent_emph_first	fwd	15	5	0	0	14	0	20	0	0	0
p75	w05	sent_emph_first	rev	15	5	0	0	14	0	20	0	0	0
p75	w05	sent_emph_last	fwd	15	3	0	0	12	0	16	0	0	0
p75	w05	sent_emph_last	rev	15	3	0	0	12	0	16	0	0	0
p75	w05	esent_first	fwd	15	4	0	0	14	0	20	0	0	0
p75	w05	esent_first	rev	15	4	0	0	14	0	20	0	0	0
p75	w05	esent_last	fwd	15	4	0	0	7	0	10	0	0	0
p75	w05	esent_last	rev	15	4	0	0	7	0	10	0	0	0
p75	any	emph	fwd	101	26	190	4	352	0	2145	17	8	0
p75	any	emph	rev	101	26	190	4	352	1	2145	7	8	0
p75	any	bold_nobar	fwd	58	15	60	0	186	0	1066	7	0	0
p75	any	bold_nobar	rev	58	15	60	3	186	1	1066	3	0	0
p75	any	nonemph	fwd	184	38	355	13	688	2	4329	20	21	0
p75	any	nonemph	rev	184	38	355	4	688	0	4329	26	21	0
p75	any	runfirst	fwd	17	5	0	0	22	0	42	0	0	0
p75	any	runfirst	rev	17	5	0	0	22	0	42	0	0	0
p75	any	runlast	fwd	17	5	0	0	18	0	31	0	0	0
p75	any	runlast	rev	17	5	0	0	18	0	31	0	0	0
p75	any	before	fwd	17	6	0	0	11	0	21	0	0	0
p75	any	before	rev	17	6	0	0	11	0	21	0	0	0
p75	any	after	fwd	17	1	0	0	22	1	42	1	0	0
p75	any	after	rev	17	1	0	0	22	0	42	0	0	0
p75	any	runfirst_L	fwd	26	7	5	0	58	0	234	0	0	0
p75	any	runfirst_L	rev	26	7	5	0	58	0	234	1	0	0
p75	any	runlast_L	fwd	26	8	5	0	54	0	208	1	0	0
p75	any	runlast_L	rev	26	8	5	0	54	0	208	2	0	0
p75	any	boldrun_first	fwd	11	2	0	0	0	0	0	0	0	0
p75	any	boldrun_first	rev	11	2	0	0	0	0	0	0	0	0
p75	any	boldrun_last	fwd	11	4	0	0	0	0	0	0	0	0
p75	any	boldrun_last	rev	11	4	0	0	0	0	0	0	0	0
p75	any	sent_emph_first	fwd	15	5	0	0	14	0	20	0	0	0
p75	any	sent_emph_first	rev	15	5	0	0	14	1	20	1	0	0
p75	any	sent_emph_last	fwd	15	4	0	0	12	0	16	0	0	0
p75	any	sent_emph_last	rev	15	4	0	0	12	0	16	0	0	0
p75	any	esent_first	fwd	15	4	0	0	14	0	20	0	0	0
p75	any	esent_first	rev	15	4	0	0	14	0	20	0	0	0
p75	any	esent_last	fwd	15	4	0	0	7	0	10	0	0	0
p75	any	esent_last	rev	15	4	0	0	7	0	10	0	0	0
p76	w10	emph	fwd	61	10	12	0	196	0	1131	2	2	0
p76	w10	emph	rev	61	10	12	2	196	5	1131	9	2	0
p76	w10	bold_nobar	fwd	14	1	0	0	5	0	6	0	0	0
p76	w10	bold_nobar	rev	14	1	0	0	5	0	6	0	0	0
p76	w10	nonemph	fwd	213	33	680	12	1203	1	7605	22	49	0
p76	w10	nonemph	rev	213	33	680	19	1203	10	7605	45	49	0
p76	w10	runfirst	fwd	15	1	0	0	12	0	16	0	0	0
p76	w10	runfirst	rev	15	1	0	0	12	0	16	0	0	0
p76	w10	runlast	fwd	15	2	0	0	7	0	10	0	0	0
p76	w10	runlast	rev	15	2	0	0	7	0	10	0	0	0
p76	w10	before	fwd	14	1	0	0	10	0	12	0	0	0
p76	w10	before	rev	14	1	0	0	10	0	12	0	0	0
p76	w10	after	fwd	14	2	0	0	10	0	12	0	0	0
p76	w10	after	rev	14	2	0	0	10	0	12	0	0	0
p76	w10	runfirst_L	fwd	18	2	0	0	24	0	49	0	0	0
p76	w10	runfirst_L	rev	18	2	0	0	24	0	49	0	0	0
p76	w10	runlast_L	fwd	18	2	0	0	13	0	28	0	0	0
p76	w10	runlast_L	rev	18	2	0	0	13	0	28	0	0	0
p76	w10	boldrun_first	fwd	7	0	0	0	0	0	0	0	0	0
p76	w10	boldrun_first	rev	7	0	0	0	0	0	0	0	0	0
p76	w10	boldrun_last	fwd	7	1	0	0	0	0	0	0	0	0
p76	w10	boldrun_last	rev	7	1	0	0	0	0	0	0	0	0
p76	w10	sent_emph_first	fwd	14	1	0	0	10	0	12	0	0	0
p76	w10	sent_emph_first	rev	14	1	0	0	10	0	12	0	0	0
p76	w10	sent_emph_last	fwd	14	3	0	0	5	0	6	0	0	0
p76	w10	sent_emph_last	rev	14	3	0	0	5	0	6	0	0	0
p76	w10	esent_first	fwd	14	2	0	0	10	0	12	0	0	0
p76	w10	esent_first	rev	14	2	0	0	10	0	12	0	0	0
p76	w10	esent_last	fwd	14	2	0	0	10	0	12	0	0	0
p76	w10	esent_last	rev	14	2	0	0	10	0	12	0	0	0
p76	w10	bar_all	fwd	47	9	5	1	140	0	767	2	0	0
p76	w10	bar_all	rev	47	9	5	2	140	1	767	6	0	0
p76	w10	orange	fwd	24	3	0	0	25	0	91	1	0	0
p76	w10	orange	rev	24	3	0	0	25	0	91	0	0	0
p76	w10	black	fwd	23	6	0	0	44	0	144	0	0	0
p76	w10	black	rev	23	6	0	0	44	0	144	0	0	0
p76	w10	white	fwd	0	0	0	0	0	0	0	0	0	0
p76	w10	white	rev	0	0	0	0	0	0	0	0	0	0
p76	w10	under_strike	fwd	9	1	0	0	0	0	0	0	0	0
p76	w10	under_strike	rev	9	1	0	0	0	0	0	0	0	0
p76	w10	sent_first	fwd	21	2	0	0	38	0	110	1	0	0
p76	w10	sent_first	rev	21	2	0	0	38	0	110	1	0	0
p76	w10	sent_last	fwd	21	3	0	0	38	1	110	2	0	0
p76	w10	sent_last	rev	21	3	0	0	38	0	110	0	0	0
p76	w05	emph	fwd	65	11	18	0	212	1	1235	1	3	0
p76	w05	emph	rev	65	11	18	1	212	5	1235	10	3	0
p76	w05	bold_nobar	fwd	18	2	0	0	13	0	28	0	0	0
p76	w05	bold_nobar	rev	18	2	0	0	13	0	28	0	0	0
p76	w05	nonemph	fwd	209	32	650	14	1179	1	7449	22	47	0
p76	w05	nonemph	rev	209	32	650	17	1179	10	7449	38	47	0
p76	w05	runfirst	fwd	18	2	0	0	24	0	49	0	0	0
p76	w05	runfirst	rev	18	2	0	0	24	0	49	0	0	0
p76	w05	runlast	fwd	18	2	0	0	13	0	28	0	0	0
p76	w05	runlast	rev	18	2	0	0	13	0	28	0	0	0
p76	w05	before	fwd	17	1	0	0	22	0	42	0	0	0
p76	w05	before	rev	17	1	0	0	22	0	42	0	0	0
p76	w05	after	fwd	17	3	0	0	22	0	42	0	0	0
p76	w05	after	rev	17	3	0	0	22	0	42	0	0	0
p76	w05	runfirst_L	fwd	21	3	0	0	36	0	100	0	0	0
p76	w05	runfirst_L	rev	21	3	0	0	36	0	100	0	0	0
p76	w05	runlast_L	fwd	21	2	0	0	19	0	55	0	0	0
p76	w05	runlast_L	rev	21	2	0	0	19	0	55	0	0	0
p76	w05	boldrun_first	fwd	10	1	0	0	0	0	0	0	0	0
p76	w05	boldrun_first	rev	10	1	0	0	0	0	0	0	0	0
p76	w05	boldrun_last	fwd	10	1	0	0	0	0	0	0	0	0
p76	w05	boldrun_last	rev	10	1	0	0	0	0	0	0	0	0
p76	w05	sent_emph_first	fwd	16	1	0	0	18	0	30	0	0	0
p76	w05	sent_emph_first	rev	16	1	0	0	18	0	30	0	0	0
p76	w05	sent_emph_last	fwd	16	3	0	0	9	0	15	0	0	0
p76	w05	sent_emph_last	rev	16	3	0	0	9	0	15	0	0	0
p76	w05	esent_first	fwd	16	2	0	0	18	0	30	0	0	0
p76	w05	esent_first	rev	16	2	0	0	18	0	30	0	0	0
p76	w05	esent_last	fwd	16	2	0	0	18	0	30	0	0	0
p76	w05	esent_last	rev	16	2	0	0	18	0	30	0	0	0
p76	any	emph	fwd	74	12	31	0	248	0	1469	7	4	0
p76	any	emph	rev	74	12	31	2	248	6	1469	12	4	0
p76	any	bold_nobar	fwd	27	3	0	0	62	0	260	0	0	0
p76	any	bold_nobar	rev	27	3	0	0	62	0	260	0	0	0
p76	any	nonemph	fwd	200	31	610	9	1125	1	7098	18	45	0
p76	any	nonemph	rev	200	31	610	17	1125	7	7098	37	45	0
p76	any	runfirst	fwd	19	1	0	0	28	0	64	1	0	0
p76	any	runfirst	rev	19	1	0	0	28	1	64	1	0	0
p76	any	runlast	fwd	19	2	0	0	15	0	36	0	0	0
p76	any	runlast	rev	19	2	0	0	15	0	36	0	0	0
p76	any	before	fwd	18	2	0	0	26	0	56	0	0	0
p76	any	before	rev	18	2	0	0	26	0	56	1	0	0
p76	any	after	fwd	18	2	0	0	26	0	56	1	0	0
p76	any	after	rev	18	2	0	0	26	0	56	0	0	0
p76	any	runfirst_L	fwd	24	2	0	0	48	1	169	2	0	0
p76	any	runfirst_L	rev	24	2	0	0	48	0	169	2	0	0
p76	any	runlast_L	fwd	24	2	0	0	25	0	91	0	0	0
p76	any	runlast_L	rev	24	2	0	0	25	0	91	1	0	0
p76	any	boldrun_first	fwd	11	0	0	0	0	0	0	0	0	0
p76	any	boldrun_first	rev	11	0	0	0	0	0	0	0	0	0
p76	any	boldrun_last	fwd	11	1	0	0	0	0	0	0	0	0
p76	any	boldrun_last	rev	11	1	0	0	0	0	0	0	0	0
p76	any	sent_emph_first	fwd	16	1	0	0	18	0	30	0	0	0
p76	any	sent_emph_first	rev	16	1	0	0	18	0	30	0	0	0
p76	any	sent_emph_last	fwd	16	3	0	0	9	0	15	0	0	0
p76	any	sent_emph_last	rev	16	3	0	0	9	0	15	0	0	0
p76	any	esent_first	fwd	16	2	0	0	18	0	30	0	0	0
p76	any	esent_first	rev	16	2	0	0	18	0	30	0	0	0
p76	any	esent_last	fwd	16	2	0	0	18	0	30	0	0	0
p76	any	esent_last	rev	16	2	0	0	18	0	30	0	0	0
p77	w10	emph	fwd	72	16	47	2	238	0	1404	8	4	0
p77	w10	emph	rev	72	16	47	1	238	2	1404	9	4	0
p77	w10	bold_nobar	fwd	34	5	0	0	86	0	416	3	0	0
p77	w10	bold_nobar	rev	34	5	0	0	86	0	416	3	0	0
p77	w10	nonemph	fwd	191	39	750	24	1067	4	6721	29	67	0
p77	w10	nonemph	rev	191	39	750	15	1067	7	6721	40	67	0
p77	w10	runfirst	fwd	10	2	0	0	0	0	0	0	0	0
p77	w10	runfirst	rev	10	2	0	0	0	0	0	0	0	0
p77	w10	runlast	fwd	10	2	0	0	0	0	0	0	0	0
p77	w10	runlast	rev	10	2	0	0	0	0	0	0	0	0
p77	w10	before	fwd	10	2	0	0	0	0	0	0	0	0
p77	w10	before	rev	10	2	0	0	0	0	0	0	0	0
p77	w10	after	fwd	10	1	0	0	0	0	0	0	0	0
p77	w10	after	rev	10	1	0	0	0	0	0	0	0	0
p77	w10	runfirst_L	fwd	17	4	0	0	20	2	36	2	0	0
p77	w10	runfirst_L	rev	17	4	0	0	20	0	36	0	0	0
p77	w10	runlast_L	fwd	17	3	0	0	20	0	36	0	0	0
p77	w10	runlast_L	rev	17	3	0	0	20	0	36	0	0	0
p77	w10	boldrun_first	fwd	5	2	0	0	0	0	0	0	0	0
p77	w10	boldrun_first	rev	5	2	0	0	0	0	0	0	0	0
p77	w10	boldrun_last	fwd	5	2	0	0	0	0	0	0	0	0
p77	w10	boldrun_last	rev	5	2	0	0	0	0	0	0	0	0
p77	w10	sent_emph_first	fwd	10	3	0	0	0	0	0	0	0	0
p77	w10	sent_emph_first	rev	10	3	0	0	0	0	0	0	0	0
p77	w10	sent_emph_last	fwd	10	2	0	0	0	0	0	0	0	0
p77	w10	sent_emph_last	rev	10	2	0	0	0	0	0	0	0	0
p77	w10	esent_first	fwd	10	1	0	0	0	0	0	0	0	0
p77	w10	esent_first	rev	10	1	0	0	0	0	0	0	0	0
p77	w10	esent_last	fwd	10	4	0	0	0	0	0	0	0	0
p77	w10	esent_last	rev	10	4	0	0	0	0	0	0	0	0
p77	w10	bar_all	fwd	38	11	9	1	53	0	273	2	0	0
p77	w10	bar_all	rev	38	11	9	0	53	1	273	1	0	0
p77	w10	orange	fwd	11	2	0	0	0	0	0	0	0	0
p77	w10	orange	rev	11	2	0	0	0	0	0	0	0	0
p77	w10	black	fwd	0	0	0	0	0	0	0	0	0	0
p77	w10	black	rev	0	0	0	0	0	0	0	0	0	0
p77	w10	white	fwd	27	9	1	0	31	0	130	1	0	0
p77	w10	white	rev	27	9	1	0	31	1	130	1	0	0
p77	w10	under_strike	fwd	0	0	0	0	0	0	0	0	0	0
p77	w10	under_strike	rev	0	0	0	0	0	0	0	0	0	0
p77	w10	sent_first	fwd	16	1	0	0	18	0	30	0	0	0
p77	w10	sent_first	rev	16	1	0	0	18	0	30	0	0	0
p77	w10	sent_last	fwd	16	4	0	0	9	0	15	0	0	0
p77	w10	sent_last	rev	16	4	0	0	9	0	15	0	0	0
p77	w05	emph	fwd	82	20	83	2	278	0	1664	9	6	0
p77	w05	emph	rev	82	20	83	5	278	2	1664	12	6	0
p77	w05	bold_nobar	fwd	44	9	2	0	126	0	676	4	0	0
p77	w05	bold_nobar	rev	44	9	2	0	126	0	676	4	0	0
p77	w05	nonemph	fwd	181	35	660	14	1007	7	6331	31	63	0
p77	w05	nonemph	rev	181	35	660	13	1007	4	6331	38	63	0
p77	w05	runfirst	fwd	14	3	0	0	8	0	9	0	0	0
p77	w05	runfirst	rev	14	3	0	0	8	0	9	0	0	0
p77	w05	runlast	fwd	14	4	0	0	8	0	9	0	0	0
p77	w05	runlast	rev	14	4	0	0	8	0	9	0	0	0
p77	w05	before	fwd	14	1	0	0	10	0	12	0	0	0
p77	w05	before	rev	14	1	0	0	10	0	12	0	0	0
p77	w05	after	fwd	14	1	0	0	10	0	12	0	0	0
p77	w05	after	rev	14	1	0	0	10	0	12	0	0	0
p77	w05	runfirst_L	fwd	22	5	0	0	40	2	121	3	0	0
p77	w05	runfirst_L	rev	22	5	0	0	40	0	121	0	0	0
p77	w05	runlast_L	fwd	22	5	0	0	40	1	121	1	0	0
p77	w05	runlast_L	rev	22	5	0	0	40	0	121	1	0	0
p77	w05	boldrun_first	fwd	9	3	0	0	0	0	0	0	0	0
p77	w05	boldrun_first	rev	9	3	0	0	0	0	0	0	0	0
p77	w05	boldrun_last	fwd	9	4	0	0	0	0	0	0	0	0
p77	w05	boldrun_last	rev	9	4	0	0	0	0	0	0	0	0
p77	w05	sent_emph_first	fwd	12	3	0	0	1	0	1	0	0	0
p77	w05	sent_emph_first	rev	12	3	0	0	1	0	1	0	0	0
p77	w05	sent_emph_last	fwd	12	2	0	0	1	0	1	0	0	0
p77	w05	sent_emph_last	rev	12	2	0	0	1	0	1	0	0	0
p77	w05	esent_first	fwd	12	1	0	0	1	0	1	0	0	0
p77	w05	esent_first	rev	12	1	0	0	1	0	1	0	0	0
p77	w05	esent_last	fwd	12	4	0	0	1	0	1	0	0	0
p77	w05	esent_last	rev	12	4	0	0	1	0	1	0	0	0
p77	any	emph	fwd	96	20	88	2	334	0	2028	11	8	0
p77	any	emph	rev	96	20	88	4	334	4	2028	16	8	0
p77	any	bold_nobar	fwd	58	9	3	0	182	0	1040	6	0	0
p77	any	bold_nobar	rev	58	9	3	0	182	2	1040	6	0	0
p77	any	nonemph	fwd	167	35	650	12	923	8	5785	36	59	0
p77	any	nonemph	rev	167	35	650	13	923	5	5785	30	59	0
p77	any	runfirst	fwd	18	2	0	0	24	0	49	0	0	0
p77	any	runfirst	rev	18	2	0	0	24	0	49	0	0	0
p77	any	runlast	fwd	18	1	0	0	24	0	49	0	0	0
p77	any	runlast	rev	18	1	0	0	24	0	49	0	0	0
p77	any	before	fwd	18	2	0	0	13	0	28	0	0	0
p77	any	before	rev	18	2	0	0	13	0	28	0	0	0
p77	any	after	fwd	18	2	0	0	26	0	56	0	0	0
p77	any	after	rev	18	2	0	0	26	0	56	0	0	0
p77	any	runfirst_L	fwd	29	4	0	0	68	0	299	0	0	0
p77	any	runfirst_L	rev	29	4	0	0	68	0	299	0	0	0
p77	any	runlast_L	fwd	29	4	0	0	68	0	299	1	0	0
p77	any	runlast_L	rev	29	4	0	0	68	0	299	1	0	0
p77	any	boldrun_first	fwd	13	2	0	0	4	0	4	0	0	0
p77	any	boldrun_first	rev	13	2	0	0	4	0	4	0	0	0
p77	any	boldrun_last	fwd	13	1	0	0	4	0	4	0	0	0
p77	any	boldrun_last	rev	13	1	0	0	4	0	4	0	0	0
p77	any	sent_emph_first	fwd	14	2	0	0	8	0	9	0	0	0
p77	any	sent_emph_first	rev	14	2	0	0	8	0	9	0	0	0
p77	any	sent_emph_last	fwd	14	1	0	0	8	0	9	0	0	0
p77	any	sent_emph_last	rev	14	1	0	0	8	0	9	0	0	0
p77	any	esent_first	fwd	14	1	0	0	5	0	6	0	0	0
p77	any	esent_first	rev	14	1	0	0	5	0	6	0	0	0
p77	any	esent_last	fwd	14	4	0	0	5	0	6	0	0	0
p77	any	esent_last	rev	14	4	0	0	5	0	6	0	0	0
p78	w10	emph	fwd	149	29	470	16	827	2	5161	22	49	0
p78	w10	emph	rev	149	29	470	14	827	4	5161	27	49	0
p78	w10	bold_nobar	fwd	106	23	280	2	573	4	3510	15	15	0
p78	w10	bold_nobar	rev	106	23	280	10	573	0	3510	22	15	0
p78	w10	nonemph	fwd	62	15	31	2	101	1	585	2	3	0
p78	w10	nonemph	rev	62	15	31	2	101	0	585	4	3	0
p78	w10	runfirst	fwd	10	1	0	0	0	0	0	0	0	0
p78	w10	runfirst	rev	10	1	0	0	0	0	0	0	0	0
p78	w10	runlast	fwd	10	1	0	0	0	0	0	0	0	0
p78	w10	runlast	rev	10	1	0	0	0	0	0	0	0	0
p78	w10	before	fwd	9	2	0	0	0	0	0	0	0	0
p78	w10	before	rev	9	2	0	0	0	0	0	0	0	0
p78	w10	after	fwd	9	2	0	0	0	0	0	0	0	0
p78	w10	after	rev	9	2	0	0	0	0	0	0	0	0
p78	w10	runfirst_L	fwd	27	8	0	0	91	1	377	1	0	0
p78	w10	runfirst_L	rev	27	8	0	0	91	0	377	2	0	0
p78	w10	runlast_L	fwd	27	1	0	0	93	0	390	0	0	0
p78	w10	runlast_L	rev	27	1	0	0	93	0	390	3	0	0
p78	w10	boldrun_first	fwd	7	1	0	0	0	0	0	0	0	0
p78	w10	boldrun_first	rev	7	1	0	0	0	0	0	0	0	0
p78	w10	boldrun_last	fwd	7	2	0	0	0	0	0	0	0	0
p78	w10	boldrun_last	rev	7	2	0	0	0	0	0	0	0	0
p78	w10	sent_emph_first	fwd	13	2	0	0	6	0	6	0	0	0
p78	w10	sent_emph_first	rev	13	2	0	0	6	0	6	0	0	0
p78	w10	sent_emph_last	fwd	13	1	0	0	11	0	12	0	0	0
p78	w10	sent_emph_last	rev	13	1	0	0	11	0	12	0	0	0
p78	w10	esent_first	fwd	13	2	0	0	6	0	6	0	0	0
p78	w10	esent_first	rev	13	2	0	0	6	0	6	0	0	0
p78	w10	esent_last	fwd	13	1	0	0	11	0	12	0	0	0
p78	w10	esent_last	rev	13	1	0	0	11	0	12	0	0	0
p78	w10	bar_all	fwd	43	6	3	0	185	1	988	5	0	0
p78	w10	bar_all	rev	43	6	3	0	185	0	988	7	0	0
p78	w10	orange	fwd	22	2	0	0	59	0	177	0	0	0
p78	w10	orange	rev	22	2	0	0	59	0	177	0	0	0
p78	w10	black	fwd	21	4	0	0	19	1	55	1	0	0
p78	w10	black	rev	21	4	0	0	19	0	55	0	0	0
p78	w10	white	fwd	0	0	0	0	0	0	0	0	0	0
p78	w10	white	rev	0	0	0	0	0	0	0	0	0	0
p78	w10	under_strike	fwd	0	0	0	0	0	0	0	0	0	0
p78	w10	under_strike	rev	0	0	0	0	0	0	0	0	0	0
p78	w10	sent_first	fwd	13	2	0	0	6	0	6	0	0	0
p78	w10	sent_first	rev	13	2	0	0	6	0	6	0	0	0
p78	w10	sent_last	fwd	13	1	0	0	11	0	12	0	0	0
p78	w10	sent_last	rev	13	1	0	0	11	0	12	0	0	0
p78	w05	emph	fwd	150	29	480	17	833	2	5200	19	49	0
p78	w05	emph	rev	150	29	480	14	833	3	5200	27	49	0
p78	w05	bold_nobar	fwd	107	23	290	4	579	4	3549	17	15	0
p78	w05	bold_nobar	rev	107	23	290	8	579	0	3549	21	15	0
p78	w05	nonemph	fwd	61	15	27	2	99	1	572	2	3	0
p78	w05	nonemph	rev	61	15	27	1	99	0	572	5	3	0
p78	w05	runfirst	fwd	11	1	0	0	0	0	0	0	0	0
p78	w05	runfirst	rev	11	1	0	0	0	0	0	0	0	0
p78	w05	runlast	fwd	11	1	0	0	0	0	0	0	0	0
p78	w05	runlast	rev	11	1	0	0	0	0	0	0	0	0
p78	w05	before	fwd	10	3	0	0	0	0	0	0	0	0
p78	w05	before	rev	10	3	0	0	0	0	0	0	0	0
p78	w05	after	fwd	10	2	0	0	0	0	0	0	0	0
p78	w05	after	rev	10	2	0	0	0	0	0	0	0	0
p78	w05	runfirst_L	fwd	28	8	0	0	97	0	416	2	0	0
p78	w05	runfirst_L	rev	28	8	0	0	97	0	416	1	0	0
p78	w05	runlast_L	fwd	28	1	0	0	99	0	429	1	0	0
p78	w05	runlast_L	rev	28	1	0	0	99	1	429	4	0	0
p78	w05	boldrun_first	fwd	8	1	0	0	0	0	0	0	0	0
p78	w05	boldrun_first	rev	8	1	0	0	0	0	0	0	0	0
p78	w05	boldrun_last	fwd	8	2	0	0	0	0	0	0	0	0
p78	w05	boldrun_last	rev	8	2	0	0	0	0	0	0	0	0
p78	w05	sent_emph_first	fwd	13	2	0	0	6	0	6	0	0	0
p78	w05	sent_emph_first	rev	13	2	0	0	6	0	6	0	0	0
p78	w05	sent_emph_last	fwd	13	0	0	0	11	0	12	0	0	0
p78	w05	sent_emph_last	rev	13	0	0	0	11	0	12	0	0	0
p78	w05	esent_first	fwd	13	2	0	0	6	0	6	0	0	0
p78	w05	esent_first	rev	13	2	0	0	6	0	6	0	0	0
p78	w05	esent_last	fwd	13	1	0	0	11	0	12	0	0	0
p78	w05	esent_last	rev	13	1	0	0	11	0	12	0	0	0
p78	any	emph	fwd	154	30	510	18	857	2	5356	23	51	0
p78	any	emph	rev	154	30	510	13	857	3	5356	28	51	0
p78	any	bold_nobar	fwd	111	24	320	1	603	4	3705	19	16	0
p78	any	bold_nobar	rev	111	24	320	10	603	0	3705	19	16	0
p78	any	nonemph	fwd	57	14	18	1	91	0	520	1	2	0
p78	any	nonemph	rev	57	14	18	0	91	0	520	4	2	0
p78	any	runfirst	fwd	9	0	0	0	0	0	0	0	0	0
p78	any	runfirst	rev	9	0	0	0	0	0	0	0	0	0
p78	any	runlast	fwd	9	1	0	0	0	0	0	0	0	0
p78	any	runlast	rev	9	1	0	0	0	0	0	0	0	0
p78	any	before	fwd	8	2	0	0	0	0	0	0	0	0
p78	any	before	rev	8	2	0	0	0	0	0	0	0	0
p78	any	after	fwd	8	2	0	0	0	0	0	0	0	0
p78	any	after	rev	8	2	0	0	0	0	0	0	0	0
p78	any	runfirst_L	fwd	27	7	0	0	91	0	377	2	0	0
p78	any	runfirst_L	rev	27	7	0	0	91	0	377	1	0	0
p78	any	runlast_L	fwd	27	2	0	0	93	1	390	2	0	0
p78	any	runlast_L	rev	27	2	0	0	93	0	390	2	0	0
p78	any	boldrun_first	fwd	6	0	0	0	0	0	0	0	0	0
p78	any	boldrun_first	rev	6	0	0	0	0	0	0	0	0	0
p78	any	boldrun_last	fwd	6	2	0	0	0	0	0	0	0	0
p78	any	boldrun_last	rev	6	2	0	0	0	0	0	0	0	0
p78	any	sent_emph_first	fwd	13	2	0	0	6	0	6	0	0	0
p78	any	sent_emph_first	rev	13	2	0	0	6	0	6	0	0	0
p78	any	sent_emph_last	fwd	13	1	0	0	11	0	12	0	0	0
p78	any	sent_emph_last	rev	13	1	0	0	11	0	12	0	0	0
p78	any	esent_first	fwd	13	2	0	0	6	0	6	0	0	0
p78	any	esent_first	rev	13	2	0	0	6	0	6	0	0	0
p78	any	esent_last	fwd	13	1	0	0	11	0	12	0	0	0
p78	any	esent_last	rev	13	1	0	0	11	0	12	0	0	0
p79json	w10	emph	fwd	95	24	145	3	334	4	2028	18	12	0
p79json	w10	emph	rev	95	24	145	5	334	2	2028	9	12	0
p79json	w10	bold_nobar	fwd	50	11	12	0	154	3	858	7	2	0
p79json	w10	bold_nobar	rev	50	11	12	1	154	2	858	5	2	0
p79json	w10	nonemph	fwd	133	39	285	11	715	2	4433	21	21	0
p79json	w10	nonemph	rev	133	39	285	5	715	0	4433	22	21	0
p79json	w10	runfirst	fwd	8	1	0	0	0	0	0	0	0	0
p79json	w10	runfirst	rev	8	1	0	0	0	0	0	0	0	0
p79json	w10	runlast	fwd	8	6	0	0	0	0	0	0	0	0
p79json	w10	runlast	rev	8	6	0	0	0	0	0	0	0	0
p79json	w10	before	fwd	8	1	0	0	0	0	0	0	0	0
p79json	w10	before	rev	8	1	0	0	0	0	0	0	0	0
p79json	w10	after	fwd	8	1	0	0	0	0	0	0	0	0
p79json	w10	after	rev	8	1	0	0	0	0	0	0	0	0
p79json	w10	runfirst_L	fwd	17	4	0	0	22	0	42	0	0	0
p79json	w10	runfirst_L	rev	17	4	0	0	22	0	42	0	0	0
p79json	w10	runlast_L	fwd	17	7	0	0	11	1	21	1	0	0
p79json	w10	runlast_L	rev	17	7	0	0	11	0	21	0	0	0
p79json	w10	boldrun_first	fwd	4	1	0	0	0	0	0	0	0	0
p79json	w10	boldrun_first	rev	4	1	0	0	0	0	0	0	0	0
p79json	w10	boldrun_last	fwd	4	3	0	0	0	0	0	0	0	0
p79json	w10	boldrun_last	rev	4	3	0	0	0	0	0	0	0	0
p79json	w10	sent_emph_first	fwd	8	1	0	0	0	0	0	0	0	0
p79json	w10	sent_emph_first	rev	8	1	0	0	0	0	0	0	0	0
p79json	w10	sent_emph_last	fwd	8	6	0	0	0	0	0	0	0	0
p79json	w10	sent_emph_last	rev	8	6	0	0	0	0	0	0	0	0
p79json	w10	esent_first	fwd	8	2	0	0	0	0	0	0	0	0
p79json	w10	esent_first	rev	8	2	0	0	0	0	0	0	0	0
p79json	w10	esent_last	fwd	8	5	0	0	0	0	0	0	0	0
p79json	w10	esent_last	rev	8	5	0	0	0	0	0	0	0	0
p79json	w10	bar_all	fwd	45	13	24	0	134	0	728	7	0	0
p79json	w10	bar_all	rev	45	13	24	0	134	0	728	0	0	0
p79json	w10	orange	fwd	41	12	16	0	118	0	624	6	0	0
p79json	w10	orange	rev	41	12	16	0	118	0	624	0	0	0
p79json	w10	black	fwd	4	1	0	0	0	0	0	0	0	0
p79json	w10	black	rev	4	1	0	0	0	0	0	0	0	0
p79json	w10	white	fwd	0	0	0	0	0	0	0	0	0	0
p79json	w10	white	rev	0	0	0	0	0	0	0	0	0	0
p79json	w10	under_strike	fwd	0	0	0	0	0	0	0	0	0	0
p79json	w10	under_strike	rev	0	0	0	0	0	0	0	0	0	0
p79json	w10	sent_first	fwd	11	2	0	0	0	0	0	0	0	0
p79json	w10	sent_first	rev	11	2	0	0	0	0	0	0	0	0
p79json	w10	sent_last	fwd	11	5	0	0	1	0	1	0	0	0
p79json	w10	sent_last	rev	11	5	0	0	1	0	1	0	0	0
p79json	w05	emph	fwd	112	31	215	3	400	4	2457	15	17	0
p79json	w05	emph	rev	112	31	215	4	400	2	2457	17	17	0
p79json	w05	bold_nobar	fwd	67	18	52	2	220	4	1287	7	7	0
p79json	w05	bold_nobar	rev	67	18	52	5	220	2	1287	7	7	0
p79json	w05	nonemph	fwd	116	32	215	6	617	2	3796	20	16	0
p79json	w05	nonemph	rev	116	32	215	3	617	1	3796	22	16	0
p79json	w05	runfirst	fwd	17	6	0	0	20	0	36	0	0	0
p79json	w05	runfirst	rev	17	6	0	0	20	0	36	0	0	0
p79json	w05	runlast	fwd	17	9	0	0	20	0	36	0	0	0
p79json	w05	runlast	rev	17	9	0	0	20	1	36	1	0	0
p79json	w05	before	fwd	17	5	0	0	35	0	70	0	0	0
p79json	w05	before	rev	17	5	0	0	35	0	70	0	0	0
p79json	w05	after	fwd	17	3	0	0	11	0	21	0	0	0
p79json	w05	after	rev	17	3	0	0	11	0	21	0	0	0
p79json	w05	runfirst_L	fwd	26	9	0	0	56	0	221	0	0	0
p79json	w05	runfirst_L	rev	26	9	0	0	56	0	221	1	0	0
p79json	w05	runlast_L	fwd	26	10	1	0	56	0	221	0	0	0
p79json	w05	runlast_L	rev	26	10	1	0	56	0	221	1	0	0
p79json	w05	boldrun_first	fwd	13	6	0	0	4	0	4	0	0	0
p79json	w05	boldrun_first	rev	13	6	0	0	4	0	4	0	0	0
p79json	w05	boldrun_last	fwd	13	6	0	0	4	0	4	0	0	0
p79json	w05	boldrun_last	rev	13	6	0	0	4	0	4	0	0	0
p79json	w05	sent_emph_first	fwd	10	3	0	0	0	0	0	0	0	0
p79json	w05	sent_emph_first	rev	10	3	0	0	0	0	0	0	0	0
p79json	w05	sent_emph_last	fwd	10	6	0	0	0	0	0	0	0	0
p79json	w05	sent_emph_last	rev	10	6	0	0	0	0	0	0	0	0
p79json	w05	esent_first	fwd	10	2	0	0	0	0	0	0	0	0
p79json	w05	esent_first	rev	10	2	0	0	0	0	0	0	0	0
p79json	w05	esent_last	fwd	10	5	0	0	0	0	0	0	0	0
p79json	w05	esent_last	rev	10	5	0	0	0	0	0	0	0	0
p79json	any	emph	fwd	134	38	310	10	488	2	3029	21	24	0
p79json	any	emph	rev	134	38	310	14	488	6	3029	18	24	0
p79json	any	bold_nobar	fwd	89	25	140	4	308	2	1859	11	14	0
p79json	any	bold_nobar	rev	89	25	140	7	308	4	1859	7	14	0
p79json	any	nonemph	fwd	94	25	120	5	485	2	2938	19	9	0
p79json	any	nonemph	rev	94	25	120	2	485	1	2938	14	9	0
p79json	any	runfirst	fwd	11	3	0	0	0	0	0	0	0	0
p79json	any	runfirst	rev	11	3	0	0	0	0	0	0	0	0
p79json	any	runlast	fwd	11	8	0	0	0	0	0	0	0	0
p79json	any	runlast	rev	11	8	0	0	0	0	0	0	0	0
p79json	any	before	fwd	11	1	0	0	1	0	1	0	0	0
p79json	any	before	rev	11	1	0	0	1	0	1	0	0	0
p79json	any	after	fwd	11	0	0	0	0	0	0	0	0	0
p79json	any	after	rev	11	0	0	0	0	0	0	0	0	0
p79json	any	runfirst_L	fwd	24	7	0	0	50	0	182	0	0	0
p79json	any	runfirst_L	rev	24	7	0	0	50	1	182	1	0	0
p79json	any	runlast_L	fwd	24	10	5	1	25	1	91	1	0	0
p79json	any	runlast_L	rev	24	10	5	0	25	0	91	2	0	0
p79json	any	boldrun_first	fwd	7	3	0	0	0	0	0	0	0	0
p79json	any	boldrun_first	rev	7	3	0	0	0	0	0	0	0	0
p79json	any	boldrun_last	fwd	7	5	0	0	0	0	0	0	0	0
p79json	any	boldrun_last	rev	7	5	0	0	0	0	0	0	0	0
p79json	any	sent_emph_first	fwd	10	2	0	0	0	0	0	0	0	0
p79json	any	sent_emph_first	rev	10	2	0	0	0	0	0	0	0	0
p79json	any	sent_emph_last	fwd	10	6	0	0	0	0	0	0	0	0
p79json	any	sent_emph_last	rev	10	6	0	0	0	0	0	0	0	0
p79json	any	esent_first	fwd	10	2	0	0	0	0	0	0	0	0
p79json	any	esent_first	rev	10	2	0	0	0	0	0	0	0	0
p79json	any	esent_last	fwd	10	5	0	0	0	0	0	0	0	0
p79json	any	esent_last	rev	10	5	0	0	0	0	0	0	0	0
p79hand	w10	emph	fwd	112	32	230	6	402	2	2470	23	19	0
p79hand	w10	emph	rev	112	32	230	7	402	3	2470	15	19	0
p79hand	w10	bold_nobar	fwd	67	19	65	1	222	2	1300	14	9	0
p79hand	w10	bold_nobar	rev	67	19	65	5	222	2	1300	7	9	0
p79hand	w10	nonemph	fwd	116	31	200	7	613	2	3770	16	14	0
p79hand	w10	nonemph	rev	116	31	200	5	613	3	3770	24	14	0
p79hand	w10	runfirst	fwd	16	6	0	0	18	0	30	0	0	0
p79hand	w10	runfirst	rev	16	6	0	0	18	0	30	1	0	0
p79hand	w10	runlast	fwd	16	10	0	0	9	0	15	0	0	0
p79hand	w10	runlast	rev	16	10	0	0	9	0	15	0	0	0
p79hand	w10	before	fwd	16	3	0	0	29	0	51	0	0	0
p79hand	w10	before	rev	16	3	0	0	29	0	51	0	0	0
p79hand	w10	after	fwd	16	3	0	0	9	0	15	0	0	0
p79hand	w10	after	rev	16	3	0	0	9	0	15	0	0	0
p79hand	w10	runfirst_L	fwd	26	9	0	0	58	0	234	1	0	0
p79hand	w10	runfirst_L	rev	26	9	0	0	58	0	234	1	0	0
p79hand	w10	runlast_L	fwd	26	11	2	0	29	0	117	0	0	0
p79hand	w10	runlast_L	rev	26	11	2	0	29	0	117	1	0	0
p79hand	w10	boldrun_first	fwd	12	6	0	0	2	0	2	0	0	0
p79hand	w10	boldrun_first	rev	12	6	0	0	2	0	2	0	0	0
p79hand	w10	boldrun_last	fwd	12	7	0	0	1	0	1	0	0	0
p79hand	w10	boldrun_last	rev	12	7	0	0	1	0	1	0	0	0
p79hand	w10	sent_emph_first	fwd	10	4	0	0	0	0	0	0	0	0
p79hand	w10	sent_emph_first	rev	10	4	0	0	0	0	0	0	0	0
p79hand	w10	sent_emph_last	fwd	10	6	0	0	0	0	0	0	0	0
p79hand	w10	sent_emph_last	rev	10	6	0	0	0	0	0	0	0	0
p79hand	w10	esent_first	fwd	10	2	0	0	0	0	0	0	0	0
p79hand	w10	esent_first	rev	10	2	0	0	0	0	0	0	0	0
p79hand	w10	esent_last	fwd	10	5	0	0	0	0	0	0	0	0
p79hand	w10	esent_last	rev	10	5	0	0	0	0	0	0	0	0
p79hand	w10	bar_all	fwd	45	13	24	0	134	0	728	7	0	0
p79hand	w10	bar_all	rev	45	13	24	0	134	0	728	0	0	0
p79hand	w10	orange	fwd	41	12	16	0	118	0	624	6	0	0
p79hand	w10	orange	rev	41	12	16	0	118	0	624	0	0	0
p79hand	w10	black	fwd	4	1	0	0	0	0	0	0	0	0
p79hand	w10	black	rev	4	1	0	0	0	0	0	0	0	0
p79hand	w10	white	fwd	0	0	0	0	0	0	0	0	0	0
p79hand	w10	white	rev	0	0	0	0	0	0	0	0	0	0
p79hand	w10	under_strike	fwd	0	0	0	0	0	0	0	0	0	0
p79hand	w10	under_strike	rev	0	0	0	0	0	0	0	0	0	0
p79hand	w10	sent_first	fwd	11	2	0	0	0	0	0	0	0	0
p79hand	w10	sent_first	rev	11	2	0	0	0	0	0	0	0	0
p79hand	w10	sent_last	fwd	11	5	0	0	1	0	1	0	0	0
p79hand	w10	sent_last	rev	11	5	0	0	1	0	1	0	0	0
p79hand	w05	emph	fwd	112	32	230	6	402	2	2470	23	19	0
p79hand	w05	emph	rev	112	32	230	7	402	3	2470	15	19	0
p79hand	w05	bold_nobar	fwd	67	19	65	1	222	2	1300	14	9	0
p79hand	w05	bold_nobar	rev	67	19	65	5	222	2	1300	7	9	0
p79hand	w05	nonemph	fwd	116	31	200	7	613	2	3770	16	14	0
p79hand	w05	nonemph	rev	116	31	200	5	613	3	3770	24	14	0
p79hand	w05	runfirst	fwd	16	6	0	0	18	0	30	0	0	0
p79hand	w05	runfirst	rev	16	6	0	0	18	0	30	1	0	0
p79hand	w05	runlast	fwd	16	10	0	0	9	0	15	0	0	0
p79hand	w05	runlast	rev	16	10	0	0	9	0	15	0	0	0
p79hand	w05	before	fwd	16	3	0	0	29	0	51	0	0	0
p79hand	w05	before	rev	16	3	0	0	29	0	51	0	0	0
p79hand	w05	after	fwd	16	3	0	0	9	0	15	0	0	0
p79hand	w05	after	rev	16	3	0	0	9	0	15	0	0	0
p79hand	w05	runfirst_L	fwd	26	9	0	0	58	0	234	1	0	0
p79hand	w05	runfirst_L	rev	26	9	0	0	58	0	234	1	0	0
p79hand	w05	runlast_L	fwd	26	11	2	0	29	0	117	0	0	0
p79hand	w05	runlast_L	rev	26	11	2	0	29	0	117	1	0	0
p79hand	w05	boldrun_first	fwd	12	6	0	0	2	0	2	0	0	0
p79hand	w05	boldrun_first	rev	12	6	0	0	2	0	2	0	0	0
p79hand	w05	boldrun_last	fwd	12	7	0	0	1	0	1	0	0	0
p79hand	w05	boldrun_last	rev	12	7	0	0	1	0	1	0	0	0
p79hand	w05	sent_emph_first	fwd	10	4	0	0	0	0	0	0	0	0
p79hand	w05	sent_emph_first	rev	10	4	0	0	0	0	0	0	0	0
p79hand	w05	sent_emph_last	fwd	10	6	0	0	0	0	0	0	0	0
p79hand	w05	sent_emph_last	rev	10	6	0	0	0	0	0	0	0	0
p79hand	w05	esent_first	fwd	10	2	0	0	0	0	0	0	0	0
p79hand	w05	esent_first	rev	10	2	0	0	0	0	0	0	0	0
p79hand	w05	esent_last	fwd	10	5	0	0	0	0	0	0	0	0
p79hand	w05	esent_last	rev	10	5	0	0	0	0	0	0	0	0
p79hand	any	emph	fwd	112	32	230	6	402	2	2470	23	19	0
p79hand	any	emph	rev	112	32	230	7	402	3	2470	15	19	0
p79hand	any	bold_nobar	fwd	67	19	65	1	222	2	1300	14	9	0
p79hand	any	bold_nobar	rev	67	19	65	5	222	2	1300	7	9	0
p79hand	any	nonemph	fwd	116	31	200	7	613	2	3770	16	14	0
p79hand	any	nonemph	rev	116	31	200	5	613	3	3770	24	14	0
p79hand	any	runfirst	fwd	16	6	0	0	18	0	30	0	0	0
p79hand	any	runfirst	rev	16	6	0	0	18	0	30	1	0	0
p79hand	any	runlast	fwd	16	10	0	0	9	0	15	0	0	0
p79hand	any	runlast	rev	16	10	0	0	9	0	15	0	0	0
p79hand	any	before	fwd	16	3	0	0	29	0	51	0	0	0
p79hand	any	before	rev	16	3	0	0	29	0	51	0	0	0
p79hand	any	after	fwd	16	3	0	0	9	0	15	0	0	0
p79hand	any	after	rev	16	3	0	0	9	0	15	0	0	0
p79hand	any	runfirst_L	fwd	26	9	0	0	58	0	234	1	0	0
p79hand	any	runfirst_L	rev	26	9	0	0	58	0	234	1	0	0
p79hand	any	runlast_L	fwd	26	11	2	0	29	0	117	0	0	0
p79hand	any	runlast_L	rev	26	11	2	0	29	0	117	1	0	0
p79hand	any	boldrun_first	fwd	12	6	0	0	2	0	2	0	0	0
p79hand	any	boldrun_first	rev	12	6	0	0	2	0	2	0	0	0
p79hand	any	boldrun_last	fwd	12	7	0	0	1	0	1	0	0	0
p79hand	any	boldrun_last	rev	12	7	0	0	1	0	1	0	0	0
p79hand	any	sent_emph_first	fwd	10	4	0	0	0	0	0	0	0	0
p79hand	any	sent_emph_first	rev	10	4	0	0	0	0	0	0	0	0
p79hand	any	sent_emph_last	fwd	10	6	0	0	0	0	0	0	0	0
p79hand	any	sent_emph_last	rev	10	6	0	0	0	0	0	0	0	0
p79hand	any	esent_first	fwd	10	2	0	0	0	0	0	0	0	0
p79hand	any	esent_first	rev	10	2	0	0	0	0	0	0	0	0
p79hand	any	esent_last	fwd	10	5	0	0	0	0	0	0	0	0
p79hand	any	esent_last	rev	10	5	0	0	0	0	0	0	0	0
# TOTALS {"sequences": 936, "bip39_windows": 178310, "bip39_valid": 4450, "electrum_windows_12_13": 286188, "electrum_valid_12_13": 1306, "electrum_windows_all": 1760866, "electrum_valid_all": 8783, "old_windows": 12180, "wif_bip38_valid": 0, "bip39_unique_valid": 763, "bip39_seeds": 6104, "electrum_unique_valid": 1174, "electrum_seeds": 9392, "key_windows": 4224392, "phrases": 7336, "mini_pass": 6, "old_unique": 2024, "addresses_checked": 2155270, "seconds": 663}
# HITS []
