page	line	cell	char	area	sw	sw90	emax	width	area_ratio	sw_ratio	bold	n_same	x	y
77	1	79	M	774	4.22	7.21	12.65	46	1.000	1.000	0	3	516	572
77	1	125	e	664	4.42	7.21	11.31	39	12.687	1.150	1	42	562	572
77	1	164	a	670	4.22	7.21	10.00	44	1.062	1.168	1	42	601	572
77	1	208	n	605	4.46	8.00	12.00	42	1.092	1.170	1	34	645	572
77	1	250	w	731	4.56	8.00	12.65	45	365.500	2.675	1	9	687	572
77	1	295	h	645	3.98	6.32	10.00	44	6.728	1.065	0	22	732	572
77	1	339	i	471	4.24	7.21	10.00	35	17.081	1.256	1	40	776	572
77	1	374	l	565	4.54	8.00	10.00	35	1.345	1.296	1	23	811	572
77	1	409	e	662	4.40	7.21	11.66	36	12.649	1.150	1	42	846	572
77	1	445	,	314	5.74	10.77	15.23	21	34.889	2.290	1	16	882	572
77	1	490	b	733	4.38	7.21	10.77	39	1.000	1.000	0	3	927	572
77	1	529	a	670	4.19	7.21	10.00	43	1.062	1.168	1	42	966	572
77	1	572	c	545	4.19	6.32	8.94	39	3.188	1.042	0	16	1009	572
77	1	611	k	862	4.76	8.00	11.31	40	23.297	1.789	1	6	1048	572
77	1	678	i	473	4.31	7.21	11.31	30	17.153	1.256	1	40	1115	572
77	1	708	n	598	4.54	8.00	11.66	39	1.079	1.170	1	34	1145	572
77	1	772	E	615	3.87	6.32	10.00	42	1.007	1.027	0	6	1209	572
77	1	814	l	565	4.61	8.00	10.00	37	1.345	1.296	1	23	1251	572
77	1	876	S	696	4.55	8.00	12.00	39	1.319	1.081	0	7	1313	572
77	1	915	a	634	4.29	7.21	10.00	43	1.005	1.168	1	42	1352	572
77	1	958	l	549	4.69	8.00	10.77	29	1.307	1.296	1	23	1395	572
77	1	987	v	569	4.73	8.00	12.65	39	1.037	1.109	0	4	1424	572
77	1	1026	a	646	4.20	7.21	10.00	41	1.024	1.168	1	42	1463	572
77	1	1067	d	631	4.10	6.32	10.20	39	13.717	1.002	0	19	1504	572
77	1	1106	o	624	4.37	7.21	8.94	37	7.853	1.204	1	38	1543	572
77	1	1143	r	452	4.58	8.00	10.77	27	13.162	1.335	1	32	1580	572
77	1	1170	,	415	5.55	10.00	15.23	24	46.111	2.126	1	16	1607	572
77	1	1220	4	809	5.11	8.49	12.81	39	1.000	1.000	0	1	1657	572
77	1	1259	2	719	4.07	7.21	10.77	41	1.000	1.000	0	3	1696	572
77	1	1300	%	726	3.69	6.00	8.94	44	1.000	1.000	0	1	1737	572
77	1	1367	o	614	4.34	7.21	10.00	35	7.727	1.204	1	38	1804	572
77	1	1402	f	619	4.43	7.21	11.31	36	1.255	1.160	1	13	1839	572
77	1	1463	t	484	4.42	7.21	12.81	31	32.267	1.214	1	41	1900	572
77	1	1494	h	658	4.03	7.21	10.00	44	6.864	1.214	1	22	1931	572
77	1	1538	e	653	4.48	7.21	11.66	35	12.477	1.150	1	42	1975	572
77	1	1599	c	538	4.18	6.32	8.25	33	3.147	1.042	0	16	2036	572
77	1	1632	o	618	4.42	7.21	10.00	39	7.777	1.204	1	38	2069	572
77	1	1671	u	691	4.52	8.00	10.77	43	1.553	1.292	1	12	2108	572
77	1	1714	n	609	4.55	8.00	12.17	43	1.099	1.170	1	34	2151	572
77	1	1757	t	524	4.47	7.21	11.31	33	34.933	1.214	1	41	2194	572
77	1	1790	r	566	4.70	8.00	10.20	37	16.482	1.335	1	32	2227	572
77	1	1827	y	763	4.72	8.00	12.81	42	2.149	1.333	1	13	2264	572
77	2	79	i	460	4.22	7.21	10.00	32	16.682	1.256	1	40	516	682
77	2	111	s	736	4.68	8.00	11.31	33	54.259	1.490	1	29	548	682
77	2	170	n	595	4.47	8.00	12.65	40	1.074	1.170	1	34	607	682
77	2	210	o	594	4.26	7.21	8.94	38	7.475	1.204	1	38	647	682
77	2	248	w	724	4.48	8.00	11.66	45	362.000	2.675	1	9	685	682
77	2	317	h	1166	5.90	10.00	15.23	47	12.163	1.684	1	22	754	682
77	2	364	y	1093	6.29	10.77	16.00	46	3.078	1.795	1	13	801	682
77	2	410	p	1203	6.10	10.00	14.42	46	2.265	1.649	1	11	847	682
77	2	456	e	550	4.23	8.25	11.31	42	10.509	1.315	1	42	893	682
77	2	498	r	871	6.43	11.31	15.62	43	25.363	1.887	1	32	935	682
77	2	541	b	1032	5.78	10.00	14.00	42	1.408	1.387	1	3	978	682
77	2	583	i	791	6.01	10.00	14.14	36	28.685	1.741	1	40	1020	682
77	2	619	t	803	6.01	10.00	15.62	35	53.533	1.684	1	41	1056	682
77	2	654	c	854	5.88	10.00	12.65	41	4.996	1.647	1	16	1091	682
77	2	695	o	845	5.64	10.00	11.31	39	10.634	1.670	1	38	1132	682
77	2	734	i	791	6.03	10.00	14.00	36	28.685	1.741	1	40	1171	682
77	2	770	n	1024	6.24	10.60	15.62	46	1.848	1.550	1	34	1207	682
77	2	816	i	790	6.11	10.00	14.14	35	28.649	1.741	1	40	1253	682
77	2	851	z	739	5.77	12.00	16.00	42	1.000	1.000	0	1	1288	682
77	2	893	e	560	4.23	8.25	11.31	40	10.700	1.315	1	42	1330	682
77	2	933	d	1106	5.93	10.00	14.42	43	24.043	1.584	1	19	1370	682
77	2	1000	(	462	4.51	8.00	8.94	17	1.015	1.000	0	4	1437	682
77	2	1017	a	609	4.20	7.21	10.00	40	0.965	1.168	1	42	1454	682
77	2	1057	t	491	4.53	8.00	12.81	30	32.733	1.347	1	41	1494	682
77	2	1112	t	528	4.58	8.00	11.66	31	35.200	1.347	1	41	1549	682
77	2	1143	h	630	3.87	6.32	10.00	44	6.572	1.065	0	22	1580	682
77	2	1187	e	662	4.58	8.00	11.66	36	12.649	1.275	1	42	1624	682
77	2	1248	t	510	4.41	7.21	11.66	32	34.000	1.214	1	41	1685	682
77	2	1280	i	447	4.20	7.21	10.00	32	16.210	1.256	1	40	1717	682
77	2	1312	m	851	4.44	7.21	11.66	48	2.312	1.050	0	12	1749	682
77	2	1360	e	638	4.38	7.21	11.66	35	12.191	1.150	1	42	1797	682
77	2	1419	o	582	4.20	6.32	8.49	36	7.324	1.056	0	38	1856	682
77	2	1455	f	610	4.49	7.21	11.31	36	1.237	1.160	1	13	1892	682
77	2	1513	w	731	4.61	8.00	12.65	47	365.500	2.675	1	9	1950	682
77	2	1560	r	521	4.49	7.21	10.00	37	15.171	1.203	1	32	1997	682
77	2	1597	i	451	4.17	7.21	10.00	29	16.355	1.256	1	40	2034	682
77	2	1626	t	495	4.45	7.21	11.31	32	33.000	1.214	1	41	2063	682
77	2	1658	i	436	4.24	7.21	10.00	32	15.811	1.256	1	40	2095	682
77	2	1690	n	591	4.48	8.00	12.00	41	1.066	1.170	1	34	2127	682
77	2	1731	g	784	3.95	6.32	10.00	43	3.564	1.030	0	11	2168	682
77	2	1774	)	426	4.02	6.32	8.25	20	0.773	0.801	0	2	2211	682
77	2	1794	.	203	6.02	11.31	15.23	19	0.890	1.084	0	4	2231	682
77	3	77	J	566	4.29	7.21	11.66	34	1.000	1.000	0	1	514	790
77	3	111	a	665	3.97	6.32	8.94	43	1.054	1.024	0	42	548	790
77	3	154	c	526	4.06	6.32	8.49	35	3.077	1.042	0	16	591	790
77	3	189	k	836	4.68	8.00	10.77	41	22.595	1.789	1	6	626	790
77	3	258	M	727	4.13	7.21	10.77	49	0.939	1.000	0	3	695	790
77	3	307	a	659	4.04	6.32	8.94	44	1.044	1.024	0	42	744	790
77	3	351	l	843	6.05	10.00	14.14	39	2.007	1.620	1	23	788	790
77	3	390	l	834	6.01	10.00	14.00	39	1.986	1.620	1	23	827	790
77	3	429	e	565	4.31	8.25	12.00	38	10.796	1.315	1	42	866	790
77	3	467	r	556	4.63	8.00	10.20	38	16.190	1.335	1	32	904	790
77	3	505	s	739	4.60	8.00	11.31	37	54.480	1.490	1	29	942	790
77	3	542	'	263	5.40	10.00	13.42	18	1.000	1.000	0	3	979	790
77	3	585	S	668	4.56	8.00	11.31	39	1.266	1.081	0	7	1022	790
77	3	624	t	503	4.46	7.21	11.31	34	33.533	1.214	1	41	1061	790
77	3	658	r	552	4.60	8.00	10.00	39	16.074	1.335	1	32	1095	790
77	3	697	i	456	4.22	7.21	10.00	34	16.537	1.256	1	40	1134	790
77	3	731	k	856	4.83	8.00	10.77	40	23.135	1.789	1	6	1168	790
77	3	771	e	653	4.43	7.21	11.31	35	12.477	1.150	1	42	1208	790
77	3	831	a	624	4.15	7.21	10.00	37	0.989	1.168	1	42	1268	790
77	3	868	p	755	4.29	7.21	10.00	39	1.421	1.189	1	11	1305	790
77	3	907	p	760	4.31	7.21	11.31	37	1.431	1.189	1	11	1344	790
77	3	970	h	600	4.01	7.21	10.00	46	6.259	1.214	1	22	1407	790
77	3	1016	a	618	4.14	7.21	10.00	41	0.979	1.168	1	42	1453	790
77	3	1057	s	730	4.57	8.00	10.20	35	53.816	1.490	1	29	1494	790
77	3	1116	g	737	3.88	6.32	10.00	40	3.350	1.030	0	11	1553	790
77	3	1156	o	611	4.35	7.21	8.49	39	7.689	1.204	1	38	1593	790
77	3	1195	n	562	4.51	8.00	12.00	41	1.014	1.170	1	34	1632	790
77	3	1236	e	625	4.45	7.21	12.00	34	11.942	1.150	1	42	1673	790
77	3	1296	f	607	4.51	7.21	12.81	33	1.231	1.160	1	13	1733	790
77	3	1329	r	533	4.51	8.00	10.20	36	15.521	1.335	1	32	1766	790
77	3	1365	o	593	4.28	7.21	8.94	39	7.463	1.204	1	38	1802	790
77	3	1404	m	831	4.41	8.00	11.31	47	2.258	1.165	1	12	1841	790
77	3	1478	2	679	3.98	6.32	10.77	38	0.944	0.877	0	3	1915	790
77	3	1516	0	657	4.37	7.21	10.00	38	1.000	1.000	0	12	1953	790
77	3	1554	,	290	5.59	10.00	14.42	25	32.222	2.126	1	16	1991	790
77	3	1579	0	665	4.38	7.21	10.00	39	1.013	1.000	0	12	2016	790
77	3	1618	0	649	4.31	7.21	10.00	39	0.988	1.000	0	12	2055	790
77	3	1657	0	672	4.31	7.21	10.00	40	1.023	1.000	0	12	2094	790
77	3	1723	n	585	4.46	8.00	12.00	40	1.056	1.170	1	34	2160	790
77	3	1763	e	652	4.46	7.21	11.31	35	12.458	1.150	1	42	2200	790
77	3	1798	w	736	4.68	8.00	12.81	45	368.000	2.675	1	9	2235	790
77	3	1868	s	733	4.64	8.00	11.31	34	54.037	1.490	1	29	2305	790
77	3	1902	i	445	4.21	7.21	10.00	35	16.138	1.256	1	40	2339	790
77	3	1937	g	782	4.00	6.32	10.00	40	3.555	1.030	0	11	2374	790
77	3	1977	n	575	4.41	8.00	11.66	44	1.038	1.170	1	34	2414	790
77	3	2021	-	367	6.31	12.00	12.65	39	1.032	1.091	0	2	2458	790
77	3	2060	u	661	4.50	8.00	10.20	43	1.486	1.292	1	12	2497	790
77	3	2103	p	733	4.21	7.21	10.00	40	1.380	1.189	1	11	2540	790
77	3	2143	s	786	4.81	8.00	12.00	36	57.945	1.490	1	29	2580	790
77	4	78	a	689	4.10	7.21	10.00	39	1.092	1.168	1	42	515	900
77	4	141	d	675	4.14	7.21	10.00	39	14.674	1.142	0	19	578	900
77	4	180	a	650	4.08	6.32	10.00	36	1.030	1.024	0	42	617	900
77	4	216	y	793	4.59	8.00	12.65	43	2.233	1.333	1	13	653	900
77	4	283	t	533	4.45	7.21	11.31	33	35.533	1.214	1	41	720	900
77	4	316	o	625	4.39	7.21	8.49	36	7.865	1.204	1	38	753	900
77	4	376	a	688	4.17	7.21	10.00	39	1.090	1.168	1	42	813	900
77	4	440	m	919	4.60	8.00	10.77	46	2.497	1.165	1	12	877	900
77	4	486	i	454	4.16	7.21	10.00	36	16.464	1.256	1	40	923	900
77	4	522	n	598	4.44	8.00	12.00	41	1.079	1.170	1	34	959	900
77	4	563	d	650	4.13	6.32	10.20	40	14.130	1.002	0	19	1000	900
77	4	603	-	344	5.94	10.00	12.00	41	0.968	0.909	0	2	1040	900
77	4	644	b	708	4.29	7.21	10.00	43	0.966	1.000	0	3	1081	900
77	4	687	e	671	4.53	7.21	12.00	38	12.821	1.150	1	42	1124	900
77	4	725	n	603	4.49	8.00	11.66	42	1.088	1.170	1	34	1162	900
77	4	767	d	628	4.11	6.32	11.31	42	13.652	1.002	0	19	1204	900
77	4	809	i	455	4.14	6.32	10.00	34	16.500	1.101	0	40	1246	900
77	4	843	n	576	4.41	8.00	11.66	40	1.039	1.170	1	34	1280	900
77	4	883	g	778	3.94	6.32	10.00	42	3.536	1.030	0	11	1320	900
77	4	950	1	557	4.52	8.00	10.00	32	0.771	0.889	0	2	1387	900
77	4	982	0	657	4.26	7.21	10.00	40	1.000	1.000	0	12	1419	900
77	4	1022	0	639	4.27	7.21	10.00	39	0.973	1.000	0	12	1459	900
77	4	1061	,	280	5.51	10.00	14.14	24	31.111	2.126	1	16	1498	900
77	4	1085	0	662	4.30	7.21	10.00	40	1.008	1.000	0	12	1522	900
77	4	1125	0	659	4.29	7.21	10.00	38	1.003	1.000	0	12	1562	900
77	4	1163	0	651	4.28	7.21	10.00	40	0.991	1.000	0	12	1600	900
77	4	1229	a	625	4.04	6.32	10.00	42	0.990	1.024	0	42	1666	900
77	4	1271	n	548	4.38	8.00	12.00	39	0.989	1.170	1	34	1708	900
77	4	1310	d	619	4.01	6.32	8.94	39	13.457	1.002	0	19	1747	900
77	4	1374	g	735	3.72	6.00	10.00	39	3.341	0.977	0	11	1811	900
77	4	1413	r	528	4.55	8.00	10.20	36	15.375	1.335	1	32	1850	900
77	4	1449	o	562	4.12	6.32	8.25	37	7.073	1.056	0	38	1886	900
77	4	1486	w	687	4.40	7.21	12.00	47	343.500	2.411	1	9	1923	900
77	4	1533	i	428	4.01	6.32	10.00	32	15.521	1.101	0	40	1970	900
77	4	1565	n	577	4.32	8.00	12.00	43	1.041	1.170	1	34	2002	900
77	4	1608	g	787	3.75	6.00	10.00	42	3.577	0.977	0	11	2045	900
77	4	1650	.	199	5.92	10.88	15.23	18	0.873	1.042	0	4	2087	900
77	4	1693	A	543	4.52	8.00	12.00	43	1.000	0.800	0	6	2130	900
77	4	1736	t	516	4.29	7.21	11.31	32	34.400	1.214	1	41	2173	900
77	4	1792	t	506	4.38	7.21	11.31	32	33.733	1.214	1	41	2229	900
77	4	1824	h	648	3.93	6.32	10.00	45	6.760	1.065	0	22	2261	900
77	4	1869	i	434	4.13	6.32	10.00	35	15.739	1.101	0	40	2306	900
77	4	1904	s	709	4.60	8.00	11.31	34	52.268	1.490	1	29	2341	900
77	4	1964	r	551	4.62	8.00	10.00	33	16.045	1.335	1	32	2401	900
77	4	1997	a	662	4.07	7.21	10.00	40	1.049	1.168	1	42	2434	900
77	4	2037	t	514	4.37	7.21	11.66	32	34.267	1.214	1	41	2474	900
77	4	2069	e	649	4.39	7.21	11.31	37	12.401	1.150	1	42	2506	900
77	4	2106	,	306	5.81	10.77	15.62	21	34.000	2.290	1	16	2543	900
77	4	2152	t	532	4.49	7.21	11.31	33	35.467	1.214	1	41	2589	900
77	4	2185	h	678	4.08	7.21	10.00	45	7.072	1.214	1	22	2622	900
77	4	2230	e	671	4.46	7.21	11.31	35	12.821	1.150	1	42	2667	900
77	5	1372	c	429	4.24	7.21	10.00	18	2.510	1.188	1	16	1809	1418
77	5	1390	o	25	3.01	4.00	4.47	6	0.315	0.668	0	38	1827	1418
77	5	1396	u	319	3.85	6.06	8.49	16	0.717	0.979	0	12	1833	1418
77	5	1412	n	282	4.08	6.32	8.94	20	0.509	0.925	0	34	1849	1418
77	5	1432	t	330	3.76	6.00	8.49	21	22.000	1.010	0	41	1869	1418
77	5	1453	r	9	2.54	4.00	4.00	6	0.262	0.667	0	32	1890	1418
77	5	1459	y	673	4.37	7.21	10.20	33	1.895	1.202	1	13	1896	1418
77	5	1779	T	612	3.75	6.00	10.00	41	1.000	0.600	0	6	2216	1418
77	5	1820	o	584	4.16	6.32	10.20	40	7.349	1.056	0	38	2257	1418
77	5	1860	x	618	3.90	6.32	8.49	40	1.984	1.519	1	2	2297	1418
77	5	1900	i	516	4.37	7.21	10.00	38	18.712	1.256	1	40	2337	1418
77	5	1938	c	611	3.91	6.00	10.00	38	3.574	0.988	0	16	2375	1418
77	5	2001	B	517	4.26	7.21	11.31	25	27.211	1.392	1	8	2438	1418
77	5	2026	i	151	3.70	6.00	8.25	16	5.476	1.045	0	40	2463	1418
77	5	2042	t	459	4.40	7.21	10.00	27	30.600	1.214	1	41	2479	1418
77	5	2069	c	281	3.95	6.00	8.00	20	1.644	0.988	0	16	2506	1418
77	5	2089	o	298	4.42	7.21	8.94	21	3.750	1.204	1	38	2526	1418
77	5	2110	i	307	4.42	7.53	10.00	18	11.133	1.311	1	40	2547	1418
77	5	2128	n	552	4.27	7.21	11.66	30	0.996	1.054	0	34	2565	1418
77	5	2553	w	606	4.67	8.00	10.00	34	303.000	2.675	1	9	2990	1418
77	5	2587	i	752	4.25	7.21	10.00	43	27.271	1.256	1	40	3024	1418
77	5	2630	t	555	4.66	8.00	12.81	30	37.000	1.347	1	41	3067	1418
77	5	2660	h	1277	4.73	8.00	11.66	61	13.321	1.347	1	22	3097	1418
77	5	2721	i	903	4.83	8.25	12.81	49	32.747	1.436	1	40	3158	1418
77	5	2770	n	603	4.65	8.25	14.00	35	1.088	1.206	1	34	3207	1418
77	5	2904	s	8	2.21	2.83	2.83	3	0.590	0.527	0	29	3341	1418
77	5	2907	i	10	2.33	2.83	2.83	3	0.363	0.493	0	40	3344	1418
77	5	2910	x	5	2.00	2.00	2.00	3	0.016	0.481	0	2	3347	1418
77	6	806	(	41	3.03	4.47	6.00	6	0.090	0.559	0	4	1243	1522
77	6	812	S	316	4.20	6.32	10.00	18	0.599	0.855	0	7	1249	1522
77	6	830	o	223	3.76	6.00	8.00	19	2.806	1.002	0	38	1267	1522
77	6	849	r	398	4.25	7.21	10.00	22	11.590	1.203	1	32	1286	1522
77	6	871	r	45	3.78	6.00	8.00	9	1.310	1.001	0	32	1308	1522
77	6	880	y	806	3.77	6.00	10.00	40	2.270	1.000	0	13	1317	1522
77	6	945	B	574	3.89	6.00	10.00	42	30.211	1.158	0	8	1382	1522
77	6	987	h	1130	4.31	7.21	10.00	70	11.787	1.214	1	22	1424	1522
77	6	1057	u	509	4.00	6.32	8.25	39	1.144	1.021	0	12	1494	1522
77	6	1096	t	819	4.49	7.21	10.00	41	54.600	1.214	1	41	1533	1522
77	6	1137	a	630	4.24	7.21	10.77	35	0.998	1.168	1	42	1574	1522
77	6	1172	n	528	4.36	7.21	10.00	39	0.953	1.054	0	34	1609	1522
77	6	1211	,	687	4.41	7.21	10.20	34	76.333	1.533	0	16	1648	1522
77	6	1270	y	793	3.75	6.00	8.49	38	2.233	1.000	0	13	1707	1522
77	6	1308	o	568	4.15	6.32	8.25	36	7.148	1.056	0	38	1745	1522
77	6	1344	u	482	4.16	6.32	11.31	31	1.084	1.021	0	12	1781	1522
77	6	1398	f	476	4.16	6.32	10.00	33	0.965	1.018	0	13	1835	1522
77	6	1431	e	614	3.82	6.00	10.00	44	11.732	0.956	0	42	1868	1522
77	6	1475	l	601	4.17	6.32	10.20	40	1.431	1.024	0	23	1912	1522
77	6	1515	l	950	4.21	7.21	10.00	66	2.262	1.168	1	23	1952	1522
77	6	1605	f	632	3.82	6.00	10.00	44	1.281	0.965	0	13	2042	1522
77	6	1649	o	1268	4.07	6.32	11.31	77	15.957	1.056	0	38	2086	1522
77	6	1726	r	1302	4.13	7.21	10.20	77	37.913	1.203	1	32	2163	1522
77	6	1827	t	540	4.41	7.21	10.00	37	36.000	1.214	1	41	2264	1522
77	6	1864	h	1175	4.14	7.21	10.20	68	12.257	1.214	1	22	2301	1522
77	6	1932	a	1361	4.16	6.32	11.31	75	2.157	1.024	0	42	2369	1522
77	6	2007	t	635	3.93	6.32	10.00	41	42.333	1.065	0	41	2444	1522
77	6	2072	s	255	4.03	6.32	8.25	14	18.799	1.178	0	29	2509	1522
77	6	2086	n	327	4.25	6.68	8.25	21	0.590	0.977	0	34	2523	1522
77	6	2107	a	604	4.28	7.21	11.31	36	0.957	1.168	1	42	2544	1522
77	6	2143	k	553	4.39	7.21	11.31	29	14.946	1.612	1	6	2580	1522
77	6	2172	e	83	4.14	7.21	8.25	9	1.586	1.150	1	42	2609	1522
77	6	2204	o	1330	4.24	7.21	10.20	79	16.737	1.204	1	38	2641	1522
77	6	2283	i	1019	4.27	7.21	10.00	73	36.953	1.256	1	40	2720	1522
77	6	2356	l	1523	4.08	6.32	11.66	84	3.626	1.024	0	23	2793	1522
77	9	820	B	691	4.16	7.21	10.77	37	36.368	1.392	1	8	1257	1630
77	9	857	i	748	5.68	10.00	12.81	37	27.126	1.741	1	40	1294	1630
77	9	894	g	2004	7.01	12.00	18.44	76	9.109	1.954	1	11	1331	1630
77	9	1406	g	638	3.90	6.00	8.25	42	2.900	0.977	0	11	1843	1630
77	9	1448	o	561	4.08	7.21	10.77	41	7.060	1.204	1	38	1885	1630
77	9	1489	t	593	3.75	6.00	10.00	37	39.533	1.010	0	41	1926	1630
77	9	1867	h	798	3.73	6.00	8.49	40	8.324	1.010	0	22	2304	1630
77	9	1907	e	562	4.12	6.32	8.49	36	10.738	1.008	0	42	2344	1630
77	9	1943	a	452	4.06	6.32	10.00	32	0.716	1.024	0	42	2380	1630
77	9	1975	d	590	4.21	7.21	11.66	42	12.826	1.142	0	19	2412	1630
77	9	2017	s	817	3.72	6.00	8.49	41	60.230	1.117	0	29	2454	1630
77	9	2082	r	1220	4.06	6.32	10.00	73	35.526	1.055	0	32	2519	1630
77	9	2155	i	734	4.50	8.00	12.00	48	26.618	1.393	1	40	2592	1630
77	9	2203	p	634	4.41	8.00	12.00	45	1.193	1.319	1	11	2640	1630
77	9	2248	p	701	3.95	6.00	10.00	47	1.320	0.990	0	11	2685	1630
77	9	2295	e	989	4.42	8.00	10.00	56	18.897	1.275	1	42	2732	1630
77	9	2351	d	658	4.50	8.00	10.00	47	14.304	1.267	1	19	2788	1630
77	9	2423	o	1161	4.41	7.21	12.17	67	14.611	1.204	1	38	2860	1630
77	9	2490	f	683	4.21	7.03	11.31	43	1.385	1.132	1	13	2927	1630
77	9	2533	f	575	4.57	8.00	10.00	38	1.166	1.287	1	13	2970	1630
77	9	2595	d	750	4.61	8.00	11.31	34	16.304	1.267	1	19	3032	1630
77	9	2629	u	475	4.10	6.32	10.00	34	1.068	1.021	0	12	3066	1630
77	9	2663	r	656	4.44	8.00	11.31	41	19.102	1.335	1	32	3100	1630
77	9	2704	i	555	4.22	7.21	10.00	39	20.127	1.256	1	40	3141	1630
77	9	2743	n	713	4.56	7.21	12.00	38	1.287	1.054	0	34	3180	1630
77	9	2781	g	220	6.15	11.35	15.62	20	1.000	1.848	1	11	3218	1630
77	9	3064	t	15	2.24	2.83	4.00	6	1.000	0.476	0	41	3501	1630
77	9	3070	h	23	3.02	4.47	6.32	8	0.240	0.753	0	22	3507	1630
77	9	3078	e	33	3.55	5.93	7.21	6	0.631	0.946	0	42	3515	1630
77	9	3130	B	19	2.96	4.47	5.66	4	1.000	0.863	0	8	3567	1630
77	9	3134	l	23	3.76	5.66	5.66	3	0.055	0.916	0	23	3571	1630
77	9	3137	o	90	3.17	4.59	5.66	5	1.133	0.766	0	38	3574	1630
77	9	3142	c	104	3.30	5.66	6.32	4	0.608	0.932	0	16	3579	1630
77	9	3146	k	37	2.92	4.47	6.32	4	1.000	1.000	0	6	3583	1630
77	11	810	P	761	4.31	8.00	11.31	39	1.007	1.052	0	2	1247	1732
77	11	849	a	658	4.00	6.32	8.94	43	1.043	1.024	0	42	1286	1732
77	11	892	r	527	4.37	7.21	10.00	37	15.346	1.203	1	32	1329	1732
77	11	929	t	506	4.19	6.32	11.31	36	33.733	1.065	0	41	1366	1732
77	11	965	i	443	4.12	7.03	10.00	29	16.065	1.225	1	40	1402	1732
77	11	994	c	500	3.91	6.00	8.25	37	2.925	0.988	0	16	1431	1732
77	11	1031	u	633	4.34	7.21	10.20	43	1.423	1.164	1	12	1468	1732
77	11	1074	l	536	4.34	7.21	10.00	36	1.276	1.168	1	23	1511	1732
77	11	1110	a	633	3.91	6.32	8.94	42	1.003	1.024	0	42	1547	1732
77	11	1152	r	518	4.42	7.21	10.00	35	15.084	1.203	1	32	1589	1732
77	11	1187	l	530	4.31	7.21	10.00	29	1.262	1.168	1	23	1624	1732
77	11	1216	y	738	4.43	8.00	11.66	43	2.078	1.333	1	13	1653	1732
77	11	1282	f	517	4.25	7.21	11.31	25	1.048	1.160	1	13	1719	1732
77	11	1307	o	619	4.00	6.00	8.25	40	7.790	1.002	0	38	1744	1732
77	11	1347	r	499	4.16	6.50	10.00	34	14.531	1.085	0	32	1784	1732
77	11	1946	h	638	3.71	6.00	8.49	45	6.655	1.010	0	22	2383	1732
77	11	1991	i	443	4.04	6.26	10.00	32	16.065	1.090	0	40	2428	1732
77	11	2023	s	683	4.36	7.21	10.20	35	50.351	1.343	1	29	2460	1732
77	11	2084	a	659	3.96	6.32	8.94	39	1.044	1.024	0	42	2521	1732
77	11	2123	r	542	4.42	8.00	10.00	39	15.783	1.335	1	32	2560	1732
77	11	2162	m	866	4.35	7.21	11.66	46	2.353	1.050	0	12	2599	1732
77	11	2208	y	761	4.56	8.00	12.17	42	2.143	1.333	1	13	2645	1732
77	11	2272	o	584	4.20	6.32	8.25	36	7.349	1.056	0	38	2709	1732
77	11	2308	f	621	4.21	6.32	11.31	37	1.259	1.018	0	13	2745	1732
77	13	797	(	485	4.52	8.00	10.00	18	1.066	1.000	0	4	1234	1940
77	13	815	a	655	3.97	6.32	8.94	42	1.038	1.024	0	42	1252	1940
77	13	857	n	627	4.35	7.53	11.31	43	1.131	1.100	0	34	1294	1940
77	13	900	d	625	3.88	6.19	10.00	39	13.587	0.981	0	19	1337	1940
77	13	962	P	750	4.22	7.21	10.00	41	0.993	0.948	0	2	1399	1940
77	13	1003	e	511	3.96	8.00	10.00	39	9.764	1.275	1	42	1440	1940
77	13	1042	t	492	4.08	6.32	10.00	36	32.800	1.065	0	41	1479	1940
77	13	1078	e	951	6.84	12.00	19.70	37	18.171	1.913	1	42	1515	1940
77	13	1115	r	511	4.30	7.21	10.00	37	14.880	1.203	1	32	1552	1940
77	13	1176	M	778	3.77	6.00	10.00	46	1.005	0.832	0	3	1613	1940
77	13	1222	c	485	3.88	6.00	8.25	39	2.837	0.988	0	16	1659	1940
77	13	1261	C	514	3.52	5.66	8.25	38	0.507	0.667	0	5	1698	1940
77	13	1299	o	554	4.10	6.32	8.00	39	6.972	1.056	0	38	1736	1940
77	13	1338	r	509	4.19	6.32	10.00	37	14.822	1.055	0	32	1775	1940
77	13	1375	m	1160	5.43	8.94	13.42	52	3.152	1.302	1	12	1812	1940
77	13	1427	a	604	3.75	6.00	8.49	41	0.957	0.972	0	42	1864	1940
77	13	1468	c	472	3.81	6.00	8.25	35	2.761	0.988	0	16	1905	1940
77	13	1503	k	773	4.27	7.21	10.00	40	20.892	1.612	1	6	1940	1940
77	13	1543	)	676	5.42	9.47	11.66	24	1.227	1.199	0	2	1980	1940
77	13	1591	f	484	4.01	6.32	10.00	25	0.981	1.018	0	13	2028	1940
77	13	1616	o	604	3.96	6.00	8.00	40	7.601	1.002	0	38	2053	1940
77	13	1656	r	516	4.21	6.32	10.00	35	15.026	1.055	0	32	2093	1940
77	13	1713	n	569	4.05	6.50	11.31	39	1.027	0.951	0	34	2150	1940
77	13	1752	o	540	4.01	6.00	8.00	36	6.796	1.002	0	38	2189	1940
77	13	1810	o	530	3.96	6.00	8.00	35	6.670	1.002	0	38	2247	1940
77	13	1845	t	485	3.96	6.00	10.00	33	32.333	1.010	0	41	2282	1940
77	13	1878	h	640	3.77	6.00	10.00	44	6.676	1.010	0	22	2315	1940
77	13	1922	e	599	4.04	6.32	10.20	38	11.445	1.008	0	42	2359	1940
77	13	1960	r	514	4.22	6.95	10.00	37	14.967	1.159	1	32	2397	1940
77	13	2018	r	530	4.28	7.21	10.00	35	15.433	1.203	1	32	2455	1940
77	13	2053	e	630	4.24	6.41	11.31	37	12.038	1.022	0	42	2490	1940
77	13	2090	a	655	3.93	6.32	8.94	43	1.038	1.024	0	42	2527	1940
77	13	2133	s	681	4.42	7.21	10.77	37	50.204	1.343	1	29	2570	1940
77	13	2170	o	584	4.22	6.32	8.94	40	7.349	1.056	0	38	2607	1940
77	13	2210	n	616	4.24	7.21	11.66	42	1.112	1.054	0	34	2647	1940
77	13	2275	t	544	4.29	7.21	11.31	35	36.267	1.214	1	41	2712	1940
77	13	2310	h	684	3.88	6.00	10.00	47	7.135	1.010	0	22	2747	1940
77	13	2357	a	679	4.00	6.32	8.94	42	1.076	1.024	0	42	2794	1940
77	13	2399	n	631	4.27	7.21	12.00	41	1.139	1.054	0	34	2836	1940
77	13	2464	t	535	4.17	6.32	11.31	34	35.667	1.065	0	41	2901	1940
77	13	2498	h	688	3.87	6.00	10.00	47	7.177	1.010	0	22	2935	1940
77	13	2545	e	660	4.32	7.21	11.31	35	12.611	1.150	1	42	2982	1940
77	14	836	l	542	4.42	7.21	10.00	30	1.290	1.168	1	23	1273	2046
77	14	866	e	614	4.16	6.32	11.66	37	11.732	1.008	0	42	1303	2046
77	14	903	g	768	3.60	6.00	8.49	41	3.491	0.977	0	11	1340	2046
77	14	944	a	623	3.81	6.00	8.94	41	0.987	0.972	0	42	1381	2046
77	14	985	l	533	4.26	6.32	10.00	35	1.269	1.024	0	23	1422	2046
77	14	1045	s	659	4.33	7.21	10.77	33	48.582	1.343	1	29	1482	2046
77	14	1078	y	688	4.32	7.21	11.66	43	1.938	1.202	1	13	1515	2046
77	14	1121	s	655	4.31	7.21	10.77	34	48.287	1.343	1	29	1558	2046
77	14	1155	t	480	3.93	6.00	10.00	36	32.000	1.010	0	41	1592	2046
77	14	1191	e	593	4.07	6.32	10.77	38	11.331	1.008	0	42	1628	2046
77	14	1229	m	803	4.14	7.03	10.00	46	2.182	1.024	0	12	1666	2046
77	14	1300	f	497	4.06	6.32	10.00	26	1.008	1.018	0	13	1737	2046
77	14	1326	a	621	3.76	6.00	8.49	34	0.984	0.972	0	42	1763	2046
77	14	1360	v	553	4.14	7.21	10.77	42	1.008	1.000	0	4	1797	2046
77	14	1402	o	524	3.91	6.00	8.25	38	6.594	1.002	0	38	1839	2046
77	14	1440	r	490	4.10	6.32	8.94	37	14.268	1.055	0	32	1877	2046
77	14	1477	s	640	4.19	7.21	10.00	33	47.181	1.343	1	29	1914	2046
77	14	1534	a	604	3.75	6.00	8.25	40	0.957	0.972	0	42	1971	2046
77	14	1574	n	571	4.01	6.32	11.31	41	1.030	0.925	0	34	2011	2046
77	14	1615	d	580	3.72	6.00	8.49	41	12.609	0.950	0	19	2052	2046
77	14	1680	p	686	3.87	6.00	8.49	37	1.291	0.990	0	11	2117	2046
77	14	1717	r	502	4.18	6.32	10.00	37	14.618	1.055	0	32	2154	2046
77	14	1754	o	541	4.04	6.00	8.00	36	6.808	1.002	0	38	2191	2046
77	14	1790	t	478	4.00	6.00	10.00	33	31.867	1.010	0	41	2227	2046
77	14	1823	e	598	4.02	6.32	10.00	36	11.426	1.008	0	42	2260	2046
77	14	1859	c	480	3.81	6.00	8.00	37	2.808	0.988	0	16	2296	2046
77	14	1896	t	490	3.99	6.32	10.00	34	32.667	1.065	0	41	2333	2046
77	14	1930	s	661	4.32	7.21	10.20	36	48.730	1.343	1	29	2367	2046
77	14	1992	d	612	3.79	6.00	8.49	38	13.304	0.950	0	19	2429	2046
77	14	2030	e	609	4.05	6.32	10.00	36	11.636	1.008	0	42	2467	2046
77	14	2066	m	878	4.42	8.00	10.77	51	2.386	1.165	1	12	2503	2046
77	14	2117	e	619	4.12	6.32	10.00	36	11.828	1.008	0	42	2554	2046
77	14	2153	n	618	4.21	7.21	11.66	41	1.115	1.054	0	34	2590	2046
77	14	2194	t	520	4.09	6.32	10.00	35	34.667	1.065	0	41	2631	2046
77	14	2229	e	630	4.19	6.32	10.77	39	12.038	1.008	0	42	2666	2046
77	14	2268	d	638	3.97	6.32	10.20	39	13.870	1.002	0	19	2705	2046
77	15	1124	u	533	3.71	6.00	10.00	44	1.198	0.969	0	12	1561	2244
77	15	1168	s	538	4.00	6.00	8.25	34	39.662	1.117	0	29	1605	2244
77	15	1202	e	290	3.95	6.32	10.00	24	5.541	1.008	0	42	1639	2244
77	15	1226	l	272	4.07	7.21	10.77	24	0.648	1.168	1	23	1663	2244
77	15	1250	e	585	3.70	6.00	8.94	39	11.178	0.956	0	42	1687	2244
77	15	1289	s	529	3.94	6.00	8.00	37	38.998	1.117	0	29	1726	2244
77	15	1326	s	570	4.07	7.21	10.77	41	42.021	1.343	1	29	1763	2244
77	15	1543	c	898	4.06	6.32	10.20	54	5.253	1.042	0	16	1980	2244
77	15	1597	a	815	3.72	6.00	8.49	59	1.291	0.972	0	42	2034	2244
77	15	1656	r	821	4.15	7.21	10.20	50	23.907	1.203	1	32	2093	2244
77	15	1706	e	829	4.15	7.21	10.00	49	15.840	1.150	1	42	2143	2244
77	15	1755	e	609	4.06	6.32	10.00	38	11.636	1.008	0	42	2192	2244
77	15	1793	r	509	4.16	6.32	10.00	37	14.822	1.055	0	32	2230	2244
77	15	1852	c	706	3.96	6.00	10.00	38	4.130	0.988	0	16	2289	2244
77	15	1890	r	630	3.85	6.00	8.49	41	18.345	1.001	0	32	2327	2244
77	15	1931	i	521	4.24	7.21	10.00	37	18.894	1.256	1	40	2368	2244
77	15	1968	m	640	3.89	6.00	8.94	42	1.739	0.873	0	12	2405	2244
77	15	2010	i	619	3.85	6.00	10.00	42	22.448	1.045	0	40	2447	2244
77	15	2052	n	444	4.01	6.00	10.00	32	0.801	0.877	0	34	2489	2244
77	15	2084	a	682	4.36	7.21	11.31	40	1.081	1.168	1	42	2521	2244
77	15	2124	l	623	4.16	6.32	10.77	35	1.483	1.024	0	23	2561	2244
77	15	2159	s	196	5.90	11.04	15.23	21	14.449	2.056	1	29	2596	2244
77	15	2232	a	1603	5.06	8.49	12.81	70	2.540	1.374	1	42	2669	2244
77	15	2302	n	1672	7.11	14.00	18.87	71	3.017	2.047	1	34	2739	2244
77	15	2373	d	3289	7.59	13.42	18.00	111	71.500	2.125	1	19	2810	2244
77	16	1950	p	591	5.62	10.00	10.77	21	1.112	1.649	1	11	2387	2540
77	16	1971	a	686	6.08	10.00	13.42	26	1.087	1.620	1	42	2408	2540
77	16	1997	r	100	4.25	7.29	10.00	9	2.912	1.216	1	32	2434	2540
77	16	2006	a	1329	5.85	10.00	16.00	35	2.106	1.620	1	42	2443	2540
77	16	2041	d	46	4.61	8.00	8.00	6	1.000	1.267	1	19	2478	2540
77	16	2047	i	10	2.57	4.00	4.00	6	0.363	0.697	0	40	2484	2540
77	16	2053	s	186	4.94	8.12	10.00	12	13.712	1.513	1	29	2490	2540
77	16	2065	e	1031	5.49	8.94	12.81	27	19.700	1.426	1	42	2502	2540
77	16	2092	.	416	5.51	10.00	12.81	12	1.825	0.958	0	4	2529	2540
77	16	2134	F	629	5.66	10.00	11.31	23	1.000	1.000	0	1	2571	2540
77	16	2157	u	677	6.25	10.77	14.00	24	1.522	1.739	1	12	2594	2540
77	16	2181	l	1107	5.43	8.94	12.81	37	2.636	1.449	1	23	2618	2540
77	16	2218	l	220	5.11	8.27	10.00	13	0.524	1.340	1	23	2655	2540
77	18	835	T	1292	6.04	10.00	14.00	46	2.111	1.000	0	6	1272	2646
77	18	881	H	1402	5.40	8.94	14.00	52	0.998	1.000	0	5	1318	2646
77	18	933	E	1559	5.33	8.49	12.65	55	2.554	1.377	1	6	1370	2646
77	18	1017	B	1257	4.98	8.00	12.00	48	66.158	1.544	1	8	1454	2646
77	18	1065	I	915	5.76	10.00	13.42	45	0.998	1.000	0	4	1502	2646
77	18	1110	T	1255	5.85	10.00	14.00	47	2.051	1.000	0	6	1547	2646
77	18	1157	C	1023	5.23	8.49	12.17	48	1.009	1.000	0	5	1594	2646
77	18	1205	O	1262	5.81	10.00	12.81	49	1.000	1.000	0	3	1642	2646
77	18	1254	I	919	5.74	10.00	14.00	43	1.002	1.000	0	4	1691	2646
77	18	1297	N	1448	5.59	10.00	15.23	53	1.004	1.000	0	5	1734	2646
77	18	1379	W	1005	4.71	8.49	14.56	55	1.000	1.000	0	1	1816	2646
77	18	1434	A	1132	6.02	10.00	14.14	49	2.085	1.000	0	6	1871	2646
77	18	1483	N	1442	5.59	10.00	16.00	54	1.000	1.000	0	5	1920	2646
77	18	1537	N	1437	5.64	10.00	16.00	52	0.997	1.000	0	5	1974	2646
77	18	1589	A	1178	5.99	10.00	14.56	56	2.169	1.000	0	6	2026	2646
77	18	1645	B	1283	5.04	8.25	12.81	51	67.526	1.592	1	8	2082	2646
77	18	1696	E	1568	5.38	8.94	12.81	53	2.568	1.452	1	6	2133	2646
77	18	1749	S	1426	5.77	10.00	14.42	53	2.702	1.352	1	7	2186	2646
77	18	1834	—	649	6.72	12.00	14.00	55	1.000	1.000	0	1	2271	2646
77	18	1920	B	1300	5.07	8.25	12.81	48	68.421	1.592	1	8	2357	2646
77	18	1968	C	1022	5.20	8.49	12.17	51	1.008	1.000	0	5	2405	2646
77	18	2019	H	1447	5.43	8.94	14.00	54	1.030	1.000	0	5	2456	2646
77	18	2073	,	496	7.48	14.14	19.70	27	55.111	3.007	1	16	2510	2646
77	18	2128	B	1312	5.12	8.25	12.81	51	69.053	1.592	1	8	2565	2646
77	18	2179	S	1466	5.88	10.00	14.42	48	2.778	1.352	1	7	2616	2646
77	18	2227	V	1100	6.29	10.77	17.09	47	1.000	1.000	0	1	2664	2646
77	18	2274	,	587	7.22	14.00	19.80	24	65.222	2.977	1	16	2711	2646
77	18	2326	E	1616	5.40	8.94	12.81	54	2.647	1.452	1	6	2763	2646
77	18	2380	T	1308	5.98	10.00	14.14	52	2.137	1.000	0	6	2817	2646
77	18	2432	H	1501	5.61	10.00	14.00	54	1.068	1.118	0	5	2869	2646
77	18	2486	,	520	7.66	14.14	20.00	27	57.778	3.007	1	16	2923	2646
77	19	833	A	1162	6.03	10.00	14.14	53	2.140	1.000	0	6	1270	2754
77	19	886	D	1259	5.30	8.49	14.00	52	0.996	1.000	0	2	1323	2754
77	19	938	A	1161	6.07	10.00	14.56	53	2.138	1.000	0	6	1375	2754
77	19	991	,	479	7.37	14.00	19.70	27	53.222	2.977	1	16	1428	2754
77	19	1047	A	1147	5.99	10.00	14.56	53	2.112	1.000	0	6	1484	2754
77	19	1100	N	1417	5.52	10.00	15.23	54	0.983	1.000	0	5	1537	2754
77	19	1154	D	1268	5.26	8.49	12.81	54	1.004	1.000	0	2	1591	2754
77	19	1236	1	888	5.84	10.00	12.81	40	1.229	1.111	0	2	1673	2754
77	19	1276	2	1310	6.08	10.77	17.09	44	1.822	1.494	1	3	1713	2754
77	19	1320	,	482	7.44	14.00	19.70	29	53.556	2.977	1	16	1757	2754
77	19	1349	0	1182	6.02	10.00	14.42	45	1.800	1.387	1	12	1786	2754
77	19	1394	0	1188	6.00	10.00	13.42	45	1.809	1.387	1	12	1831	2754
77	19	1439	0	1181	5.99	10.00	14.00	43	1.798	1.387	1	12	1876	2754
77	19	1512	O	1249	5.74	10.00	12.65	49	0.990	1.000	0	3	1949	2754
77	19	1561	T	1234	5.76	10.00	14.00	48	2.016	1.000	0	6	1998	2754
77	19	1609	H	1405	5.35	8.94	12.81	55	1.000	1.000	0	5	2046	2754
77	19	1664	E	1604	5.44	8.94	12.81	55	2.627	1.452	1	6	2101	2754
77	19	1719	R	1374	5.42	8.94	12.81	55	1.000	1.000	0	1	2156	2754
77	19	1804	S	1420	5.83	10.00	14.42	46	2.691	1.352	1	7	2241	2754
77	19	1850	H	1404	5.33	8.94	14.00	53	0.999	1.000	0	5	2287	2754
77	19	1903	I	910	5.68	10.00	13.42	46	0.992	1.000	0	4	2340	2754
77	19	1949	T	1252	5.87	10.00	14.00	49	2.046	1.000	0	6	2386	2754
77	19	1998	C	1014	5.16	8.49	12.00	48	1.000	1.000	0	5	2435	2754
77	19	2046	O	1283	5.89	10.00	14.00	50	1.017	1.000	0	3	2483	2754
77	19	2096	I	945	5.84	10.00	13.42	43	1.031	1.000	0	4	2533	2754
77	19	2139	N	1482	5.70	10.00	16.00	54	1.028	1.000	0	5	2576	2754
77	19	2193	S	1449	5.89	10.00	14.42	48	2.746	1.352	1	7	2630	2754
77	19	2241	,	497	7.48	14.14	19.80	28	55.222	3.007	1	16	2678	2754
77	22	1088	a	3830	5.62	10.00	16.00	160	6.069	1.620	1	42	1525	2859
77	23	40	w	201	3.14	4.47	6.00	28	100.500	1.495	0	9	477	3680
77	23	68	h	144	3.12	5.66	8.00	23	1.502	0.952	0	22	505	3680
77	23	91	y	266	5.20	10.00	14.56	22	0.749	1.667	1	13	528	3680
77	23	113	,	9	2.00	2.00	2.00	4	1.000	0.425	0	16	550	3680
77	23	763	a	670	4.41	7.21	10.77	41	1.062	1.168	1	42	1200	3680
77	23	804	n	442	4.03	6.00	10.00	42	0.798	0.877	0	34	1241	3680
77	23	846	d	552	3.92	6.32	8.94	39	12.000	1.002	0	19	1283	3680
77	23	899	t	480	4.26	7.21	10.00	37	32.000	1.214	1	41	1336	3680
77	23	936	h	816	6.14	10.20	14.56	47	8.512	1.717	1	22	1373	3680
77	23	989	s	526	4.07	8.00	10.00	38	38.777	1.490	1	29	1426	3680
77	23	1102	m	328	4.05	6.32	10.00	19	0.891	0.921	0	12	1539	3680
77	23	1121	i	98	3.68	6.00	7.21	11	3.554	1.045	0	40	1558	3680
77	23	1141	h	266	3.86	6.00	7.21	18	2.775	1.010	0	22	1578	3680
77	23	1159	t	275	4.21	7.21	8.25	16	18.333	1.214	1	41	1596	3680
77	23	1705	t	436	4.04	6.32	11.31	31	29.067	1.065	0	41	2142	3680
77	23	1736	i	647	5.84	10.00	14.42	33	23.463	1.741	1	40	2173	3680
77	23	1769	m	413	5.19	8.25	12.00	31	1.122	1.200	1	12	2206	3680
77	23	1800	e	540	4.05	8.00	10.20	36	10.318	1.275	1	42	2237	3680
77	23	1911	y	474	4.20	7.21	10.00	40	1.335	1.202	1	13	2348	3680
77	23	1951	o	962	6.90	12.00	19.70	46	12.106	2.004	1	38	2388	3680
77	23	1997	u	645	4.27	7.21	10.77	47	1.450	1.164	1	12	2434	3680
77	23	2044	'	956	5.93	10.00	14.00	46	3.635	1.000	0	3	2481	3680
77	23	2090	r	776	5.74	10.00	12.81	46	22.597	1.668	1	32	2527	3680
77	23	2136	e	468	4.09	6.32	11.31	36	8.942	1.008	0	42	2573	3680
77	24	1677	t	541	4.00	6.32	8.00	37	36.067	1.065	0	41	2114	3786
77	24	1714	o	864	5.41	8.94	14.14	43	10.873	1.493	1	38	2151	3786
77	24	3214	w	2	2.00	2.00	2.00	3	1.000	0.669	0	9	3651	3786
77	24	3227	'	30	3.37	6.00	6.00	3	0.114	0.600	0	3	3664	3786
77	24	3230	s	23	2.70	4.00	4.00	2	1.696	0.745	0	29	3667	3786
77	25	1026	s	637	4.00	6.32	10.00	36	46.960	1.178	0	29	1463	3895
77	25	1062	u	391	3.90	6.00	10.00	31	0.879	0.969	0	12	1499	3895
77	25	1093	p	441	4.02	6.32	11.31	32	0.830	1.043	0	11	1530	3895
77	25	1125	p	482	3.89	6.00	8.25	35	0.907	0.990	0	11	1562	3895
77	25	1160	l	534	3.96	6.00	8.25	38	1.271	0.972	0	23	1597	3895
77	25	1198	y	643	3.80	6.00	10.00	51	1.811	1.000	0	13	1635	3895
77	25	1249	.	253	4.21	8.00	11.31	20	1.110	0.766	0	4	1686	3895
77	25	1979	f	812	4.07	6.00	11.31	35	1.646	0.965	0	13	2416	3895
77	25	2014	i	59	3.79	6.00	7.21	12	2.140	1.045	0	40	2451	3895
77	25	2026	a	591	3.80	6.00	8.94	39	0.937	0.972	0	42	2463	3895
77	25	2065	t	457	4.03	6.13	10.00	30	30.467	1.032	0	41	2502	3895
77	25	2127	a	609	3.80	6.00	8.94	39	0.965	0.972	0	42	2564	3895
77	25	2166	n	569	4.21	7.21	11.66	42	1.027	1.054	0	34	2603	3895
77	25	2208	d	575	3.79	6.00	10.00	40	12.500	0.950	0	19	2645	3895
77	25	2280	g	745	3.61	6.00	8.49	40	3.386	0.977	0	11	2717	3895
77	25	2320	o	554	4.04	6.32	8.25	33	6.972	1.056	0	38	2757	3895
77	25	2353	l	525	4.19	6.32	8.94	36	1.250	1.024	0	23	2790	3895
77	25	2389	d	598	3.80	6.00	8.94	36	13.000	0.950	0	19	2826	3895
77	28	1419	s	560	3.69	6.00	8.94	37	41.284	1.117	0	29	1856	4002
77	28	1456	h	853	4.15	6.32	10.77	55	8.898	1.065	0	22	1893	4002
77	28	1511	i	511	4.09	6.32	10.77	32	18.531	1.101	0	40	1948	4002
77	28	1543	t	520	3.90	6.00	8.00	37	34.667	1.010	0	41	1980	4002
77	28	1580	c	506	3.97	7.21	10.77	41	2.960	1.188	1	16	2017	4002
77	28	1621	o	567	4.03	6.32	10.00	38	7.135	1.056	0	38	2058	4002
77	28	1659	i	450	3.94	6.32	10.00	38	16.319	1.101	0	40	2096	4002
77	28	1697	n	928	3.95	6.00	10.77	64	1.675	0.877	0	34	2134	4002
77	28	1761	s	560	4.01	6.32	10.00	40	41.284	1.178	0	29	2198	4002
77	28	1801	,	636	4.21	7.21	10.00	33	70.667	1.533	0	16	2238	4002
77	28	1868	f	669	4.29	7.21	11.66	45	1.356	1.160	1	13	2305	4002
77	28	1913	i	584	3.75	6.00	8.49	40	21.178	1.045	0	40	2350	4002
77	28	1953	a	374	4.03	6.32	10.00	26	0.593	1.024	0	42	2390	4002
77	28	1979	t	380	4.99	8.49	13.42	24	25.333	1.429	1	41	2416	4002
77	28	2384	t	1771	3.87	6.00	10.00	117	118.067	1.010	0	41	2821	4002
77	28	2501	o	1773	4.15	7.21	11.31	114	22.312	1.204	1	38	2938	4002
77	31	756	t	471	4.07	6.32	10.00	32	31.400	1.065	0	41	1193	4219
77	31	788	i	445	4.04	6.32	10.00	32	16.138	1.101	0	40	1225	4219
77	31	820	m	851	4.29	7.21	11.31	48	2.312	1.050	0	12	1257	4219
77	31	868	e	606	4.10	6.32	10.00	35	11.579	1.008	0	42	1305	4219
77	31	948	i	409	3.89	6.00	10.00	31	14.832	1.045	0	40	1385	4219
77	31	979	n	562	4.18	7.21	10.77	38	1.014	1.054	0	34	1416	4219
77	31	1063	h	601	3.73	6.00	10.00	40	6.269	1.010	0	22	1500	4219
77	31	1103	u	638	4.23	6.32	10.20	45	1.434	1.021	0	12	1540	4219
77	31	1148	m	845	4.27	7.21	11.66	49	2.296	1.050	0	12	1585	4219
77	31	1197	a	635	3.89	6.00	8.49	45	1.006	0.972	0	42	1634	4219
77	31	1242	n	574	4.15	7.21	11.66	40	1.036	1.054	0	34	1679	4219
77	31	1328	h	614	3.66	6.00	10.00	44	6.405	1.010	0	22	1765	4219
77	31	1372	i	415	3.79	6.00	8.49	35	15.050	1.045	0	40	1809	4219
77	31	1407	s	649	4.24	7.21	10.00	34	47.845	1.343	1	29	1844	4219
77	31	1441	t	463	3.90	6.00	10.00	34	30.867	1.010	0	41	1878	4219
77	31	1475	o	559	4.04	6.00	8.00	36	7.035	1.002	0	38	1912	4219
77	31	1511	r	506	4.20	7.21	10.00	39	14.734	1.203	1	32	1948	4219
77	31	1550	y	660	4.36	7.21	11.31	35	1.859	1.202	1	13	1987	4219
77	31	1585	,	320	5.19	10.00	14.14	19	35.556	2.126	1	16	2022	4219
77	31	1649	p	675	3.85	6.00	10.00	38	1.271	0.990	0	11	2086	4219
77	31	1687	e	593	4.07	6.32	10.77	38	11.331	1.008	0	42	2124	4219
77	31	1725	a	610	3.77	6.00	8.49	40	0.967	0.972	0	42	2162	4219
77	31	1765	c	485	3.84	6.00	8.49	36	2.837	0.988	0	16	2202	4219
77	31	1801	e	585	4.02	6.32	10.00	37	11.178	1.008	0	42	2238	4219
77	31	1838	,	287	5.51	10.00	14.14	20	31.889	2.126	1	16	2275	4219
77	31	1904	l	524	4.10	6.00	8.94	32	1.248	0.972	0	23	2341	4219
77	31	1936	o	537	3.92	6.00	8.00	34	6.758	1.002	0	38	2373	4219
77	31	1970	v	518	4.37	7.21	12.00	39	0.944	1.000	0	4	2407	4219
77	31	2009	e	599	4.11	6.32	10.77	35	11.445	1.008	0	42	2446	4219
77	31	2090	a	640	3.84	6.00	8.94	39	1.014	0.972	0	42	2527	4219
77	31	2129	n	577	4.13	7.21	11.66	41	1.041	1.054	0	34	2566	4219
77	31	2170	d	616	3.77	6.00	8.94	41	13.391	0.950	0	19	2607	4219
77	32	754	(	448	4.40	8.00	8.94	18	0.985	1.000	0	4	1191	4328
77	32	772	E	606	3.67	6.00	10.00	44	0.993	0.974	0	6	1209	4328
77	32	816	l	520	4.37	7.21	10.00	32	1.238	1.168	1	23	1253	4328
77	32	848	v	544	4.33	7.21	12.00	39	0.992	1.000	0	4	1285	4328
77	32	887	i	441	4.08	6.32	10.00	34	15.993	1.101	0	40	1324	4328
77	32	921	s	677	4.38	7.21	10.77	34	49.909	1.343	1	29	1358	4328
77	32	982	C	511	3.49	5.66	8.49	38	0.504	0.667	0	5	1419	4328
77	32	1020	o	569	4.11	6.32	8.00	36	7.161	1.056	0	38	1457	4328
77	32	1056	s	700	4.52	8.00	11.31	36	51.605	1.490	1	29	1493	4328
77	32	1092	t	475	4.04	6.32	10.00	34	31.667	1.065	0	41	1529	4328
77	32	1126	e	600	4.20	7.21	11.31	36	11.465	1.150	1	42	1563	4328
77	32	1162	l	535	4.32	7.21	10.00	35	1.274	1.168	1	23	1599	4328
77	32	1197	l	546	4.27	6.32	10.00	36	1.300	1.024	0	23	1634	4328
77	32	1233	o	583	4.19	6.32	10.00	35	7.337	1.056	0	38	1670	4328
77	32	1290	w	708	4.34	7.21	12.00	45	354.000	2.411	1	9	1727	4328
77	32	1335	a	633	3.88	6.00	8.94	40	1.003	0.972	0	42	1772	4328
77	32	1375	s	675	4.39	7.21	11.31	36	49.762	1.343	1	29	1812	4328
