12NxH73iX4v5Ev2aAEMAdQBtAzU5QaXyw6,20.0
12y5ATqqhPaHfNzqKJiombZGNiur1sUkW7,20.0
1K8LU9o4Tkf8yBV51eGA6DCbL45KKL3hbB,20.0
1GBcyigDiiA2QY8F7FcgH9P7MvniRSM5wT,20.0
1QJVu4sy1pdyr8SiDB21rFMzQHPK1eMsxA,20.0
1QEJtMri7s4kFMCNxkVYfDhPtx9EFpB1bf,20.0
1tiS9Fxrf6Bzusr3Fbu7NUMWZ6eQKoKc2,20.0
1GBvQf3pFXUfwVadLicZmErVoHaJcUS3kA,20.0
1RH5jvowQmhFL8iVNKhco396Ja2mAp7mW,20.0
1QKpgd2VjDdBRkWdvJQyVPbpkNUTQutk5E,20.0
1H8Ki8vUU6qeMMWgkaPSJwwRv3rRYuuU64,20.0
1BX2qZ9y1Db8SpRKjeViUhjuadWtL4X29t,20.0
1CDReBbSZ7WyMRkJ3EqBkJiQF4sixqWiax,20.0
1HP4jFdXBSjRDoaeYm97jSy2eaCjX45yqB,20.0
1AkNdBrfKVyoLuhnRKZuZRZg3j7jQxaWFi,20.0
14U1shREKR7RjxAsoDzteTiAz8oHheq9We,20.0
16zmbUZNm7F9DpgqnRgx8SHqNWDZPSkBYc,20.0
1DiPBPXBcpMvRArKyhDeRr1wFVmuCtsksX,20.0
19hbP4yu9E2JCCo9ZgVfrirhq7d9oGyFjK,20.0
1JZWa4YtCd6UAqDG3fZWTPTUxrTfJKMdry,20.0
1BvJ4YkTrDdCJZuUpVfoscZLcSZ6VeVCBb,20.0
1H7bHiF66KkTZPHfuAkj22svZNx24Vj715,20.0
16CSgbWtRssi6rB1duTSpNymfKDbSbzPee,20.0
19r7JuRqkxMrNUz4evKGsX2jm2hpR8dxjk,20.0
1F85hPNfKcwHzTA8rBy6cUu7VxGgaN6Cuk,20.0
1KpNwYdDG7J2ixftonRfWohvhguS1thgBZ,20.0
17qmhsHXMn6L8BzRjd3d9qzZSckk1w9XeW,20.0
1LC8egcerzTh4qeqBcwryoPAWp6UYs9wHd,20.0
19sy8j4WzBFHrjXWWzsCk34sTPwjWq2Nrb,20.0
1kLnaZMaZKWKoaxoPuM73B24iJjhXDkEB,20.0
1Fu7bqgc13gTprdtuYZdLMpBF3A7HgULHU,20.0
1G875vuHQaWmp96q4YHiHVi9yg5Nsq7D59,20.0
1Bxr1CGH6QM3ARoTHUYSWggZ7hCZzWWMoS,20.0
17LygsQVt5Xt8CQgFTXvsSHgnaFvDBoDJw,20.0
1BsAK7WhE4ArorPQryESAvxNGaX8DFvqud,20.0
1BbHRENUpg89DUKAcNb1MyLL39PSjLmzXP,20.0
125dqocBwr4aPsC3LQCUZPGNaHAn1qrgJ9,20.0
1JeUxjRWZ5wDsyfhbeYYYtxegKvHURXR7g,20.0
1JQhrKz9nFuXf2t3grzHXwjLbwr3MpiFLg,20.0
1KVwB6uHKQyktdaS7SGmMPHtwtvzWTJc4M,20.0
1E2BKxUFh42y1GsocioarGNuZ2aj11VnbL,20.0
1PZPX5jc9fTLNwX5z9zTAbp4oic9jEghUW,20.0
1EFEo9EswuRgN86EvxFedSyF19stJGeehX,20.0
17mZupg9DkkX3rB2NuwR2onA6Zt6etaz5G,20.0
1DiT39v1nGpQFHrtCB2iNczFnwmSy8pdWA,20.0
1Nvy6kMBDSvTr7Teo7yFnjBk3EAgu7icqM,20.0
1MB3e2gCtTGQDtUdQPTBJgRg2ByC7dkwEi,20.0
1x495Vm3bgwiKi8gDZN7Ggjd2GQxSj32b,20.0
15uwXG7uZfPGmDBSyKZgYbY4XKzGnDdMkV,20.0
1JsAy9YS3sc6TmztFxrgFYw3PoquWX9KWZ,20.0
1PfEc2xkftHhP4jJmvGeQEmt3rGnMYY9dW,20.0
17NnnrHTcRSSpDFPmvxeUYqrTGmxbeb4YY,20.0
1EbncL2ezpCGzWzHZz1uDNmEsHeTi1nLor,20.0
1CB22qgFdi8hW8Uqb8QpX32Z1NM5TRjX2d,20.0
1FvUZbhZ9CvfmqbSKfPLcdyaicYQmiTaLD,20.0
16i7ZUXjXaLmZW2X6HcHW6ymBBcpsKe4oR,20.0
1PHUgt9D3LHY7KXJQTevBaGfj5rx9etKe1,20.0
1Kn75SHuaBw7RpBr95ar6VL2ekWbeLLskF,20.0
1QJr9yGocxK5RUsowH7zewfZNkExckEixj,20.0
19NrWzhHnisk9vBojfKxMK3TgzLGhRpYEh,20.0
1J1z9EhX1jS8jd4gAmoEwEQnjZWx2Ptzod,20.0
1BVPYVMjbSbJNaR3wTmbemjzazdNMezX7K,20.0
16HpEiDTr3V2V4geg6Jnxp785CHqpJUscE,20.0
1Q7kHGPCrMWgB16EvhZpqSovc1LLPo3o28,20.0
1Nth8yiRe3yMMB8RV82uKC6JzLtDTNbDWb,20.0
1P7oirMpiwCSMXzRatrt4XRLcVQ1CxwtKW,20.0
1CQEjN32LhyMuN2JYJrBA9b24BrAsemV4d,20.0
12qRp1i3yaTqBcTfYWDmzz2iaJt8GD93jy,20.0
12Uor4XU6VYFEtCsdcXR9EAiHjF2GmSVXn,20.0
1EJhpKe9WVsi2ANvV5c9YfWXAyzegPTRhw,20.0
1F8X2txspoCqJYEveKiiveuteT1DdcS84d,20.0
16BwALFvyjZBs9WXY9AZoUxV5b1owKddBs,20.0
1DiPYtBUmirbC3TXNjRHDF3W2AbXqmoWx4,20.0
17NSCJdrCiqCbTS3sr66yBxUXWBRRitiWt,20.0
17gL1LX6ZyC24pdSNn2ZeVTNaBmyR2GdCH,20.0
1JgxeQV4mprY22Ah8HcuFj5eiV5uHfTdrN,20.0
1BjLBZLpBFXKMxsFHtRrf3TE95BAn3ncFo,20.0
14y3JkymT9x5UjTAJqXVDS9nUwEBJHZKgb,20.0
1Cfo9zSEnwAQHddNhQsBWqK1CaDrFCWbKD,20.0
16BhcSpwXqz1qBEDh89vjRXwqwYWFCoJVv,20.0
1EhVDf6iygZKUJ2Uy6WsPCBhCq5vGdCFVN,20.0
126ykcyvJsHx3jJ5eUY5WzGsnbtcZYMUZc,20.0
1P8HDTmwoiPFrqUFR2mMB9pJmqCZDsm4Rc,20.0
1FDkhBRzURC5S3P7hcSuMwsKcLENv6BpNW,20.0
1BAtVzKQBQuvA8f97XeftHfEcRAeK6qJZi,20.0
18mwDHhDFJpfiWnaF8pEnmxBXTQTaTowx1,20.0
1QKQKrRvVLXpsjxxYAaddjfJfLgLoAtDFB,20.0
18fKxcU2CZHCQ5WvwaGxZrgQHBPokrt1Ze,20.0
19Nq44Ns8xhH59mmfqLuT4EGEZgvyLuHYS,20.0
16TDe6a2zNw3aLbmiZgrgFAKXpEojx6DfR,20.0
1DWQvJCE4o8kMWrSwQeMnGx8B43fUszu5j,20.0
1Nrjhtj8QjA1qvxbchxKh18NwLpBEEChhs,20.0
1GtcZ7m5pM6P9d6Cfpx1zkTkRGEhKFqdHL,20.0
1K9a7bECk82JuXWpqXLvRRTwNEgXMnyYER,20.0
1BbMagoRDsE7VkpQ4pAmvTsAvhtHZLoTAo,20.0
1J1WwWNyJhWaNHrJyWnvC7EMB4trGkVi1P,20.0
1EeaJ8Z9EKbyqnzP8MwNytS1cUcQB5MoPB,20.0
1JXNRDpsuxsQxbBaN5PfaC8G8KEpM8j9Nc,20.0
16LTfp8dU7Nu9k3H2f8s6d19DohT5vXAKf,20.0
1QYP62vdEvT8FbaKS6XWjZQMzUzLg1CTKe,20.0
17oXpnDprsN75etjZ9wKvJRZfsuKcuQ4bB,20.0
1D9zgTAAAKMzUwiaz5UEjtj6a8yUxTdrRi,20.0
17JBRb3WkGcaP5x3avmy3zZKzXpxdvxDzs,20.0
14R7t3wa9NmSitTn7Uc4EoyEfLwmDCcqUZ,20.0
1Lhhbm3Ke8yqYde4J3StmG63SeCCE6oZz7,20.0
14v3f3JCVvSy5vgAeaSKKuA7YMcnzMKb2u,20.0
14tmYaBWTHf3nyEjjHT7urrY3Nc4rxLtHi,20.0
1EY3n4TwWt7RmAqW9jjjnvE3jGL4Ay2LWL,20.0
1CY9EJ1WeqZuoiK1qhBUyd7Xsn2GxK2Nk3,20.0
16JBrmZg7DVBSkGuY8SFvhSDBK9CesqZfy,20.0
1GGgBbjS3WVNvaaFroNMi2nqXEb36G8TMj,20.0
1CNBKbTmhQtYAMKyuBaJ2JVsaJUkpLBnN3,20.0
14BShcQZC7Aq9dSqBrnv3nx57uCu4T5D9c,20.0
1E8XazVUkRJzqug2Z7LV7YP8qroxpHAX1B,20.0
17SkijgKuMxx1WrVjHmk4tNRTGuvB4x6qZ,20.0
1BqjLDdBcxJf2R11ETZUyCqZKuJnMjqQL5,20.0
1LcQCkdMKkcugp9G2ZEP2XX2UTtyx3hB6A,20.0
169wMnmM6Mk97ebtVYJhT5gNWnNJ9Y8K4Y,20.0
168Wv4JTu4m5VQfNVuxqz2r8gSvjWBRkAw,20.0
167Y4b34QgjTVKHfEdtgG4CGNGce129eJf,20.0
1Lo7kpYJ9D4Yq5sMr89wnevKPm77KACz1b,20.0
1Dnh3R4rfkM4Qt1HoLvcob6o1QuxcAStiq,20.0
1LfpGveFRYa2G51JPAtqAm9nQ4P5hn9HXj,20.0
1FB1atnJGirLCe58YZcRkmGeZG3kdFkZDR,20.0
1BR1FZS3ex64uKBURCS7HHm4LKtGGHDLMS,20.0
1FKrCkc4TE3wehPvyHhrTeVMHu4c3fMoxp,20.0
1Lh9C6SoirosDSvWzwzXqeX6FMiDbqS7Jy,20.0
1NhS8sLyU9CHKFS4gkNzqX6Rk31X5Wm9kA,20.0
123msjGU1bGfvBSc8dok2GBbKbWmc2pYTF,20.0
1HXXdNrbemJJQHbqoHv5TacCoJoE1JQ6fa,20.0
1QcAKQNqEs6UM6cGvbCu4TFbfmvBSJmzsc,20.0
