address	scripthash_hex	balance_sats	balance_btc
1BYUp7GAeGLVLLgAdRX8gy8hFkRjNdJros	00149d8a24e65b35c6cbd274d7c46e72ecc83c6cb2503dce5c024ab5e8c29678	6000000547	60.00000547
14D5N7Zm5yYSBS1PR73bNygRDiDecstyz2	00433aceffe6d1315845f7b87a792edfcdcba7d9c6b6645d7d2d1be2090dcb40	5889991642	58.89991642
15LKxiXXuJn9fJjJHdKxxwBRP8674nEDxv	004e283103a7b73a555b3b06d71ade5e51016a8c2e5d2f99710c8a5aa1accffe	6000000547	60.00000547
1LPv35qg5Vmc1vLzLvP6vCPy9eVgF5hngC	01187d68969a2209d0deaf4d0a929c3ae0fbea806716c122a32d6e36952786d7	6014340547	60.14340547
17yqAuLPA2XP925hWyPxMkspPcBY4S7Kto	012d7b8e85c9e851879535af36afa5dd4fc2fe72feed76a96bc90cbbbc11681e	6000000547	60.00000547
1KYwkmhoKqdgLDNBcwrYPKGbcjkX9H7HDT	01ca842303913fbab8df58d8f55971f99224bb8889b64fcf3de3c8a6379e48f8	5871717013	58.71717013
1F8FBjmupx2P8moTtW1oHgKSp7mXpL9Z4N	0237c980daa80ca6275f3e0e827d2f3cfddaf80abb742f6c6325ca6c6b6ab619	6000001641	60.00001641
1M4STZ9QpyR286sjZALUfsAzAX715jk5zT	0339f653bdcfea9eb678972f99a8b046a00861a365afa3feaff073b8936a00d9	6110004275	61.10004275
3KdmrZBbeDTHGXbRxN51VPcGQNpfw1jvYN	0512768c7c13f836e36eeecc7d71a60feb0b1b6c0826341df246a08e07ff8d60	6000001641	60.00001641
3NfaGRW1SatVZakVLiJE52hnr4CcRUigtc	0540fc4aa706081586e84389551cef15f4d3e96bfa97f2f45bb16458ffc7930d	5980001434	59.80001434
1HT8BgewW6HbkmG8SqPZNhahJsxxrzhdF8	07236220e7f6ef3463b703718da0b70c07c695fbe810c57629c8668df6f75f72	5899603764	58.99603764
1GJK3QfQ6LYrYinP1cT4s5MGqjp7TqZjx	076d23736ae834c5a1b8bd39022bfd72d1a781c0c193467e3d43ca03248f466f	6041000547	60.41000547
1Dur8bXEDyuKw51gC4zbe1g3fpcXniuRRR	085c8fcbd39abc31721659829be48255317ee7c13e3fd8ffd95bb31a7f84292f	5983139843	59.83139843
1H8i1cFXPPx2ZH2ZQD5aYiBx7L4TF4rLHe	08d730dbe19604672ee26e37e90a33747a97eaccd0de9aa72516f1c9ab460b17	6129002736	61.29002736
1HUbtDAfbWqMsjoj9NXFKAPgjru9oq4W8N	0a9e932c1681627af8af09e9a3ae9119254ccb356460e2892aa43b3658c27045	6022660920	60.22660920
18XFtUv9TrcwvBL32JtxHz5tSJ6zc45v3G	0ad456075ae4dd67ba34b87149945f1f40ed55a6e2ef7183b52141979b0bb0b3	6005308955	60.05308955
1DdTd7ENNUKjRqm2gNxhCDu4V7wSvrLpfR	0e5cc003968edde9bc36b6b6071749926b39ba791004d817abfb1064d304bfb7	6043801472	60.43801472
1AWdwMobncb3pcyvNY9Y2m8P3FnWaPm48E	0f75eb8635ad53fa41005e280ac0554fb0f3c7e43034a6259967be84fefbe04d	6000000000	60.00000000
14J11nkxVydr2NrVDvHrt2LYtt8wnsR6KY	129a091485033a6a9df9b5a651838ff5997decb9085b621a40153df053a68cf9	6000000547	60.00000547
1GwQXYYhUxr5xZtFoeRBbgkwEhkxjGorw7	12b4a45c6791fb74b63942b3db8d900bf7a483eed2321b2c26b1f6bfb97653cf	6113002894	61.13002894
bc1qzheu4vhuzt803f7x0yeg0g7v236l97r6ghftpc	134a423d63fb86270a71415287b2fdaee92d821f077c2d887d4a2cb124856404	5895782224	58.95782224
1FjhWZYx9BrDYmmnXa81xATH6JswM9vcez	14126857e784831ffcba631d8f831808dd07982f24d107c2354a8aa95fe4c80c	6000001641	60.00001641
14n2ZEkkLDsMvV815WZLtrjLhYnDbg17Nd	14d2765d8673bfcbd0d7de973e8486abe81ee71ad45f2d038aad4ae52442a4d8	6000000547	60.00000547
3FtL8CLfBPVHA2mfkVbRYA3GGarzRRyTc5	1521f1b3f2c00209340463bdb99b378db826bc84d8254bb1f9aebe55ae3bf713	6100001641	61.00001641
1AvZvKiD7AfjUZdhhsgnkWrtGwixtUYDMA	1570fd069afbac75a2fe3cb853278929e35087e28f8f1cd225717609ce169146	6000000547	60.00000547
1P4DvBUQZx9BfEQDm7ELft1h2ap4158dxX	15b759b5a76c745657422f321cb2e9fa2d99c3a8ddd753dfe1ff20dcee3c8002	6040000547	60.40000547
1EG1QNLSJDiRqej2YMMHYwzoCB1FvhU3TN	15e91327ae0359fb4dba11a5f6c5d60b832418e3a5d804c0ef47f95f49d5b2ba	6000001641	60.00001641
36joukEMUtm3E4k1kwV99kvyQ51KNdkn2h	165c11490c9fa542dfc896fbfc7f255df7f24c541dc7c0c3e0f14bbab77aad32	5969153875	59.69153875
1AP8SVoFdJJUBhr9yQWDUTUMxCowy9Nqx4	16fe902f98ef064b9307e9f14a5924a355330d821ec9876cce1b5f024dbfcbdb	5880548747	58.80548747
1CgVzfsaPyEmCGx3BTnX7qwyDycYWeTqUz	173c54811a4a46f297f26ed0671f9299609c3402d011e6286781f46430b2d040	5985726323	59.85726323
12cR2GUkNnxxyiu8z3KGU6AdhhgGwy9Djy	17563b3241597a86c0e58989a3d1669b9f7153ecf7412fee141fdfa2038634ee	6000000547	60.00000547
16P4JF6i6oKAZxqdqyo5ayYzeajxCGtGM8	17b50acd974a976e8c53b5943e9cff9857af839131bed4c419564bca77e04d7c	6000000547	60.00000547
137Hy71hyjmVJrTcufPYk7xSKHnxWkXTuF	183011c2d2cc18190e29e8fa699bf15e35b78b1d6f50cb4f627d3f80e830099a	5976261812	59.76261812
bc1qvq9akj0evqzfc8eejh3x74lkp7d4hv6wtg7l69	1886352ebce5a6db614a57c871a022e4028dc769d3f30d7f8f50ebc1c12c3f38	5870000000	58.70000000
1Mzc9DamtJ4YXeLBikNJ6JgDiyedtn6XiN	18de7671b28100de33426ec6c933fd7c384f115c096eac166e5f7b9b2a595ebd	6000000547	60.00000547
1Cn8yNmgsqYwjRRAW8fkbqyvokdv3RavGa	1991c07480ed7d9d7462a59224e6dddac37541dbade871ded093f22688128b58	6063701694	60.63701694
1Bo7YpZZw9VjyoxFREHz3hsyK9jkTqwEmD	1acf9e6cb9b460855599f7c4a55dedc7eb98cfe3a49f6e5bd0ebf9a69f25f694	6000001095	60.00001095
15u5L6hPuyY9C1xSVUfyPepye6StJwneU8	1ada934e92c1f4c96f7439abc637cdc12f0dff3b664a7189fca0c22db5db455a	6051883003	60.51883003
19NrwWM62Pe6mmwAajcrN32XNzuyTLQn8r	1b1b0bba39e3d99ecb93586520d140e3b2ecd6aeb3a42c29f08ee45c264cb1a2	6006797072	60.06797072
12NERLbyKwjSjv6VSY9A5QEvSdahnERA4F	1ba6a8171ba9736ef0434d2141c4a6b9b4a30a49942acb8a737fd8b8edea5248	6000101641	60.00101641
1Gi1YKeFgb3vzE8H2kg7m7D3aTu1wvwvXZ	1c1d6723b3152cd5a07e7bf7d9c1f2d673690f87ee5826d01d8b454a1ec843a5	5899001642	58.99001642
3CZid4wYK6HJG5eHr3Cot5mNRKdiZSJvRY	1ce4ef6033b6cdeb534bdfbe87d140c1c979d334a0e68da79fc07d9942697988	6001000547	60.01000547
1HWyH92epURpeyp3YUm8YLaLfjd4FP5jhs	1d00f04b19d14843e09283a0d60481ba6ac0b55266f51ebe2371635107cb00ca	5871396025	58.71396025
131b4xp4zjxy9dfyYGfLV5TTYiuhuXRgHA	1d4c49730036df127f86ba6323cce97cb84a8023b54a8a7135c6eb93443692ca	6103121797	61.03121797
166XkTEgAeEiyCahZM5RKKMHW8vJjnj6PV	1d9dd135be42aed6f1d98def1c46e4cb1ff28c1c7ece643985d491efa65ee9eb	5999981694	59.99981694
3FHprfe42cuZoEaxk7hCxM5MPW1taqmyeJ	1e19f61e011f0ca3b2a8f298b4da927889421d13a0a589e6ea07420807d50465	6039260110	60.39260110
1KacC6tHtrapTdGS1b2opixbqTjo4Rcm21	1e4deb4e9cdcf5acf118b7e3273f1e578b266ddda1a2f7e538eec3058308b06f	6000000547	60.00000547
3AJS6NebYiWwCdo23oKKRjKeLZsuPaza8c	1eaf4215144a3cefa585ab7d9b14277faa9e8515c3dfd92ad0f641be39621855	6001000547	60.01000547
3DbwG35VpWiKJTAGF6T4kNC3MqbKnsvruh	1f219dc16f2a9611eca9265b799ec072a5087dc7d02f4e77c259696cea3883d9	6000007711	60.00007711
18ckXQZdEZvL6VqqfYis2SPaoZDhmdzvJY	1f5a8dcb45a95f5ae021ffd36fafd2d0b19df089bf2e368ed3165276fbf73ae0	6000000547	60.00000547
19hVUE9CssKLWHCh6DgwZucEz3XU3yQXhF	203641949bd2db3c828ebba84f17360e4d2c399140af64fd2cf9198bf1d3bafd	5879693302	58.79693302
194SSGi3Ltg2NSpL9npa4Nb1yYCrVpYvU6	211de3ec303807ab0424dc4cab53993b4288517b71d8bc41e06c29bb72f10d2a	6071000547	60.71000547
3NEjNtQKQt4L1iPbQ1zCvMwoZGqUu1bw7S	21977afefb05d3dc3de001b5ca78eec6a0164b6683c28f5d3bba94cee0e8cc45	6001000547	60.01000547
3LMNMn8Qve8hsPyG1n7U9ipcKqzq4MJBaJ	21c9cd1317e0ebdcbce1fd8afe4e83727d6335a1a30e14dfc4dec334ea770792	6000001641	60.00001641
1M8yTSybGBiQ68yjiHcbXggAjJDQZ341Js	2204fc2a8ead09795d3d176452d95847ac9fe12c64e605e0060effc545fad383	6000101641	60.00101641
1QAydhtF7p8HtS63D5RXb8wvbfx6xHYhYX	225415d6f52a4b3d39c25791dd04950e4e5729163f88b079504e0b6b5e34ec93	5917837094	59.17837094
1CZN3GgYEWft7k8cebUQMC1GK8aVsUUKti	22d318e857026b10ebf62ff70a1f503869372dff841bc6c474a6f78f0bf27ee6	5959991094	59.59991094
1NyRLe6QhmX8AK1rjEkFD26zbkHdDAKCsD	22eabbb8519333d06de45d49abe8334a927995f8acc3cbfa706eab895206c17d	5955298397	59.55298397
15AWnUUTX9nJGLqzspzcEUasPrXcYktQEv	2382d317f86291d7ee8a6a71b67f2bb8ddb8a9bc354839834dadac69c425f0ef	6000000547	60.00000547
1HLtmTjWq3ibkUY242yJtrJjG2MQ8kTNgC	23f6bdb00b2ce2bcadd35b926b3d20f950f15d8e57e13f51e5b2e4ddc812e163	5994002895	59.94002895
1AggrobixHZbEuF4gpraNMAtEiErTBSL6E	23ffc5df33eea575d3504ef89ad297e2e9ed8f18e096dbfd838e4343fecfe0ba	5999997368	59.99997368
bc1qgzdpkdd4h8txga46dxa74cp5ptlf7pmgzfx2ne	2526657748c47ab46dc76ae55ed4bff0a7b6978139787b2331c0ef3477cf42e1	5932000547	59.32000547
1xyzpanjHLZRJhrtESyVXE2xhe8iHtLFg	25d1e58c2d514ede6bbaba715abb2efaeeb6a43cd04d8c751208e32e95afd605	6000001094	60.00001094
36J37nKuQkx3HLD9ip2ko7FLj4neYqJnoz	261694755b2da631e6e6468ed978519c120cb7198d2d3150d2cb2617ec2c805c	6019161939	60.19161939
1BbMAkwJFGSX71VREhM2rY8jAJFPEzVCyv	2699c1ba2a41d26c2b03c0dba47a4fe47bcb909d98ca092c33d13e315a084bf5	6100001641	61.00001641
1Ju4ayFJowejhzRZ9pkqG8auZRNoNptVf3	276ab0819fe2c248493052939fadad973b4ec3ffeb4e8625315ed4424a3ae106	6100001641	61.00001641
3LgEu2HASiRW8UFYh5bzmMoVAXiKtfYNcC	27c91cbc796dda49c8d02b7e9e4bbe03cd0e12de0b73a19fd3ef8bc541b1584d	6000149878	60.00149878
194NGXJfgr6MqkYzux1UWEq81dPAcZGZHT	28945a5a94e09566c77bfb3f301558ec7e1705e1aadc3b1d340a07eb912b2784	6066000548	60.66000548
35E45ya94uMhrNcPGcckW5mKyhzc7pqq43	28d4d3337871094b33e56b338dd666b64ac06d28a69c69c60806b4c6dfc88331	5999798528	59.99798528
1BTBBEhNEqPLrMYmz5GLT2zWhCUj5WQR8s	28f857674caa582472405f4f69976c9a312c5e9bccb35715b78c0acb62a64e45	6030601095	60.30601095
1ML2pphY3LBF9L2AXkZpy92ja8yq1fc9QA	29427c94c34b8e392e4121b790e5c8bafc7106bbb345be463a5e92188afa6de3	5856349821	58.56349821
12Hc54d5VqjjuLfwZXP8oHwB73B78eKfqy	297b52503f1c5b67c85bb02c7a32401f2dc247761aba1ce80d6d90659223776b	5932991998	59.32991998
1JdSn1pbt7owY3dRYjLL1JZNfi5VtcS2oM	2a9c9cb2d9a96ff32bb8e98b143481b19a09c8459101004197b38f2ac4dc20e5	5959582635	59.59582635
3GKcCXwCmj1raLFWwGjP8FrD5RSyvhYJni	2b71c8180e129f69d06f0940fd0593ff04e6a87d268293958f10f43a3809412e	6001000547	60.01000547
1JEgtsCc2m1kNrmPGLWz18hcFH8shzyGtn	2b8fa4680a715588eb3adb6fbad121cd7f502d0a7e5eecc497e3ce799b8e11bd	6006660568	60.06660568
1EawHXzVUCLWbPMk7ETNcdoXTREvoV8yWg	2c0aff17318e38436930e216047bea9ce7647828b8a7d72b38905def2ce5e7aa	5963402294	59.63402294
1oaEMTzUtM3n6ndLuCbatirSX3y4GgS16	2c218b6ea8cbd98aabc1809564ebe9e095d5d495488ebc7635373711748c8da0	6070000548	60.70000548
155oveVH76GtqXxEAnT68tRr92mMJdFqAn	2c3b6c623507015dc28bbe3bec0c18ec7496cb6b0229c2400c06e31cb03cb1a6	6000000547	60.00000547
bc1qdgkhghk4c2fls2hsxw08jk3yfrfj9ltrdfzhkj	2d54c9fdd9cfbfc91dcd49ef40bab39e43871c1f5cb84f6308a6a349df55d3ec	5998953447	59.98953447
1MTVZrDZHBkiUPrV7QHhqrr6B53ghzPTBo	2da71f00158ad17cd1ea4d57fd4c51bc4b0b6e7e47f789b03198ca5ec3fce134	5999683981	59.99683981
3FwLBRx3DDkuVbNxWpUpobiCZ1EjbhSqCA	2e1e7d59349687bd2d5d0ad8b333f5563eff54942a21e0ebeb56d8735fcfac0d	6000000000	60.00000000
13bppbxgYp8q7RH8dAjQvMnh59sEXjBxEb	2f99574848c3412fed38c59e96e757904f9994f22c1320facf1e9563b5e8eb4b	6149937907	61.49937907
1DDPk3HK41BS8rND6HW3PNZSHfXjrrNHyK	309b224804961d6646004cb7d453d594a8194b04484621d4a8db26d083876906	6000001641	60.00001641
39o5bd74NkpVCqe3XmttcywLgXaQMVZ8sc	3196859ae008027fc971ad482ba47c8ebb98a1ab9315999649afdfcb193d733f	5986000547	59.86000547
3LXat9yrgkKmWonZXW12s9Bbu7AzSjCKpC	3210c48a3a8ab12cba2295e603e278896032b5f83d927ec3ac8fb8d06c26d719	5999996394	59.99996394
3NEYBZ7Ef1tewDnNR5fBnFtj9tS3AZEKne	32be05b5c8611ac0ad7cf57885e49c475034d6e2c359d30ed81bfba3d5d05ede	6001000547	60.01000547
3MDJE53MtRMN7uKyom3HBP7aZejQnkNY1k	3385c93c6471d4ea4daa7d6594be14f0869c013eba5a6462434a7fa74cb23733	5983189754	59.83189754
1CoCzPZcf1tpPCsJKKpxedPrTZ9VEcaieR	3392e46f54e8dddc2a027c2cb4eb325d005d95e594c93316f44dcb00194acfbe	6000001641	60.00001641
1KdaixLHckCjvkpjnEHxGqMBGjoFdChPuE	3506af17efa78b957e76386c79309afa60b4753fe34e4d5bfea2530ad57d5c04	6114952188	61.14952188
3BnthQsEAWBXCKZkNq7PsLEB7Ty8uSYGwK	355525a2d8ad2dcccc0432f9f40747e8f54d7efc4f64bf1e0d47a316a78dca48	5904685179	59.04685179
1Fp4mCViTKJcssjtB9dXvv3kzuBaQA2RBe	35797e56ce29ac48eb4c8f6aab7c3ffbc3411371f63e9c7928798ee5658cde21	6000002189	60.00002189
1NUYFnG3o6k1KTj1G8kvFSWF1iUTiD4EHk	357ec15b53943567daabb972d6f6aebd541c264c52f6257935905354d2e00835	5902997565	59.02997565
1BjMdv5zJq4NjsMzi4tMSNKjPCbzF3ZDyf	358872dc34bd473a666ade589d8083710c70b12faf9ec2400f01fad385df79cd	6000000000	60.00000000
1FdYprCPMuSF7Y5eTHdh2uNJ6hTVQduhL2	359af121dab672b29e672aa8f4a7ed8690f11778d82266a79be7e864cedcba0e	6040422200	60.40422200
1LWZbabx3ckAVzDzSHjU2xS4pcUi1Z94RF	3791e4eeefda1b56cdef8b75eb0d5436d07961077cd3154417b4f336619ad87c	5953002185	59.53002185
1FY9LWQyYPvkQKfaC5SEZcNoC9LYQBx264	382dadce7f4e84e90ba223477ce8c4bad683202c356d3b2a4c36eb89b9f202f0	6099868104	60.99868104
34j9ozWEzoLBTsHJPZz6wbc4AmdJFW8tNi	3858642a846ddde06426fcbaa53fe5d326004162492a3f9693a9149ddfab2208	6001000547	60.01000547
19gKY9yLYXNwV3eKUiZsTeRyKgzTC9E7CL	38810b3cd9b178796fb48aaa994311f921d9422fb27af309b456fb68f83562c6	6009168538	60.09168538
3KbVuwehgbgxkHsyhPQLjfRuuUTTiT3pBh	393aaf37feb7d6ee67bb725756bfd724c64ac19fd57f89c50ab0577233d30247	6023730697	60.23730697
1D9Qa6oDAe34pRi9vd2AMiB4w2Aj1rfnaU	3995e4c8d210a98c27642c9d815f1e4b675dddd21cab6614b26e50edfb94777a	6037792547	60.37792547
1GSGZEBCEqXSNC8iXaX9Q5Hdm4m3d7SdGg	39b03421f9de527fc832c2deffe34fdab36d3530cfba8ef8830f6551537e5985	6000000547	60.00000547
3NweR9gc9RLnC9c4WP4RxS9iFMfhDNkxRX	39d7465327dc98dc6ff311d74e6a38db65fadad6298b3465c60082dbf14b3f39	6095924576	60.95924576
1LgYMCKpu4aHHgkuvNSfPuPtiyGhQn1QKS	3ac0cf08743ec4be27875f93d24fff838a1e43404bcbd2b99922c2528d98cf74	5876140547	58.76140547
1LUXRbrT1DhfobNgd5pUfj3Pc4KwbJMotF	3b9bbe35380cfb28ed7e694035487b920b90b855085ee5371e1c88d1440318c3	6000000547	60.00000547
17zVwfpZh4s5pbaPJjt9uGnsW2crX5kAK8	3c1a887f33d329d9dbefb2e609af039197a94d00072eefbe707c3ffa4e9991e3	6134001094	61.34001094
3ChpgwZRd3BA3obQSY9uvydDUDmRD5PwfB	3c69df26aa0f5469ef49e92f149bfbb48e4dddc5e2629cb9e18d0cdf61c5ea55	5958824318	59.58824318
3Qr418NwVDa6VoCx2F54BhvoabLXpCaikF	3cb18641afafd51ed6a1cce23df663e8382500221ec49ca61955170686a70a62	5999789876	59.99789876
1MH9C9QDhvQ1wPgRXJmcZfhbAZF1Y69BX1	3dcfe2eb15c84dff156d872f69eb76ceb11273930311a32f98083bb959c63b99	6000000547	60.00000547
1DjKyT8PDejjpMyegZ6G9nvTge1b8fRFtQ	3e3a8fab2cd1aea954dc5d6f2250b8a1edd3d945446f90299504b8534d1b75d2	6073571933	60.73571933
1AaPToxk7uGiNBrdSb9JB3QetkQM29ruWs	4008f54b50c20b395d89ac4a7740e3985ab99a077bb545fb63ed4ca9873f59ff	6062000548	60.62000548
13tEhXBBz5KL92mpknLvDRThDBsGGkUWC4	41f2f31e60b4e2ac57d8b8a7d52270ac81fcef4c709674275e0927414229b597	6000000547	60.00000547
115MB7nwN131wk7TWA6GpwjY5MAzW319Ff	4204850d964ce955b07c331da1990d1f4b0aa3aaec95e6e8463d92a1fbfbab5f	6000000547	60.00000547
12adnhqmQ8kaBpfbYNDUugaQcwvp4q97h7	421e377f887edb13c554b775f2f46dda8b1b2729baa0c599e33cbeb937ad48ce	6000000547	60.00000547
13HTpvGxtQoS99nrLFghBwPTe81toGhJpZ	4241bd44327d59d46abe38946913520fdb7bf182b44431d1e92ebd94254bbcd2	6140003594	61.40003594
bc1q4sxaq24txa84w4v9v3wwdvax5qnkz5ea2eaxpd	42d91c2106db09305d94bb617bde2c8169bc5101e2d5e9b3004de077adc069c6	5935040212	59.35040212
16Cz7qCuAfRC5B6qXWCd9r3GnqSm1o8dsf	457f0c08ca167931b1d96abc6f62f36e504b746e01bcdd972a66604c1f2e44f4	6100001641	61.00001641
1Gr2bdW7LwfJ4HxM6cRpENqCw1nUeKk1p	45e648044a6851a4ed8d1a3f1805eb5b06c39b71968ac7bee7b0c22c6d005488	6000000547	60.00000547
1Cx23CQ1R9B5EiNMaFKbyLeonrhsLgwRfM	4686ca59a8556d2defdb1cd48de1afde2ad4380f9235a885c2da5c2adc9c5b07	5978523309	59.78523309
14fFVupGs7hk75dNzPM9dXRHmLaHjkVgbF	47633bfe8be2c6e9892453de24b523a9ec75481d02c21ad251d787055b5263be	6000000547	60.00000547
1JeK2pw8HQ8MYM8nJqrUt4jGX4E4n2vuU5	48032d8779508c30f4b93c5a7a395f9ddc0cc167f2c65df6cee85bdd5f269b2b	5868933436	58.68933436
1BYzB2AADjHtEgSbz2ciry3X2WLAceHjx6	48a9bc9645e86783f5422baad7482e4fd445fbc309ef30e246ab922284eb6eea	6000000547	60.00000547
18HX4SKEoyZgPPpkUSe3VhWZCaqZEFCaL6	49e4b904b7016520105043ee0c21a150be90001727efdfc17b27dc74787df0e5	6000000000	60.00000000
3Bqy1eGHdiFSRFMEnKD8z4a6wvwwMpJBfo	4ae84717eebf3b67bfccc2009d9dc1cf7c9f725e1d756d298f220a36dc872afd	6100031227	61.00031227
1LDTqwoyjhpyUzjJnoGyurV7e7uUNFLoTZ	4c3b8cce618a41537338758fef2db2dedce4a9aa5cbe9b2e9e7df3c24e90dcdd	5957558462	59.57558462
3K6d4dTAopcQjXBbkndvGmUxe6Hp1rHy8c	4de79fad91ea8bcfd059a2fa1628d3002a4300b2bd5eba6ff1f87ec2c6572673	5999983240	59.99983240
1HAvGavfiCVJczaBNZxe1nDcAPtmVabZzw	4fa45109a7909766620803b7971a26414bfbd078a6f53af2497792588323ee38	6124502189	61.24502189
1Gd1A1wpE17a5dMQiTSaZ95H9X4DDmmpsk	50d86b14cab17f5be8017e5920f278fcb03fade39f473b554b72161902cde2b4	6000002189	60.00002189
12C7PJWjZpNGVQR4e91arnSgQv1wKRBc3o	51138228d95899fab9bb4527f79e36c576bdcccc98a978d320209655152e3a0d	6129202736	61.29202736
1LdmnQaa9kvjTBCw3aNo4FtKzvvSGAaKW2	52a03fde64c9c882d78fa8a27188e91b92a5f4981a0706c55c86b14c30f0802b	5999975169	59.99975169
1B4FEtRBjbRGCB24XHshbxtJTsMrUx9Bk8	52fa70abc6b9e2667776f7f15827c9771e1cd15a014724a8259f1ab94c79d7cd	6000000547	60.00000547
1KsZ5ENBLbgtEuPiB4Pg5GAe51XqvWUNgi	53207d272cb9141c660196afba234ff86b0dfdc5610d2720be5e3a90ac671d52	6149078797	61.49078797
3JrrgR5Cez6EqiaibgffxoEUFoXT9wrRZx	5409e79908131709f289afe92755d5994e99457eabeed2762098ed262738bfbd	5947408542	59.47408542
15kNhQJKVcYtkD5jJahVSEUupZi3MDEhYy	5477dbea0e457729772be0a833b78c2af874821bf8568284e800db4aa36ae4a0	6000101641	60.00101641
13HDm6zXAS7917DJu1fFx7RJNMhHxsGiWD	55079994f52b2277570c861222da0110c78e69d4bef733997b565fbf12b62d07	6000000547	60.00000547
bc1q4z0y6p0mdv0w4c6rr2ucfjg2gcdpnn3ulf427u	55232bf9d95901d972550fc4aae1ea2e724fea955962dbb6adb1494a1e5f4bcd	5999950767	59.99950767
13uA8LpBawMaLwLhJjqs4vwV74AdGqfAns	55e197fb021ca7e9a62356d89b387a02959bd5b04b8d61756f82925f2955cda8	6083486094	60.83486094
3ACtJbDEB8ARK3YJfhHiKJhrYTa2bndTyp	55e3b4b91a764acefa8aa196646ec23b8c4093d3b323977a6e7eb3de59c44420	6102449960	61.02449960
bc1qgn48epee53vclyrjedl0m735ynvq4j8c2wkzkw	563bb2ea1d9f810d1cd3abde4f16083fde216b09dd8d4d48b082b4829868a33e	6000000000	60.00000000
1CGXMneuRNeL1qPHf3qi8eWgMYPJxnGk4b	56b3d4f496f1153f8af233cd4481c53c66f5627de24ad320589edd110e43faa5	5999975208	59.99975208
1BQi2RQtpd47VrxBiME9wFYBCo7XJLnc7L	56c17748c34196b8bfec4f0e3d7a16bb1bbf64371390e36ae395745d3a5a8f1c	6000000547	60.00000547
18Ns1caKZTbE2RHjBTw7iXDVhg1WKLWfN7	5718536884ca8f945d91b41fb97cfe80db8614ea2269dae0097db1a05b1c472e	6000000547	60.00000547
183UjQVXpa6RiDg7b2QtucgRFJN6cB1zyY	57f0504e017e9ada9bacf69a9c1b22f780bffd63cebf1d4d7d871fec453d3d99	5932123885	59.32123885
3MbEWyGfGJpCDxC8pCpZuyTdjwgQ7nAs2W	597653a9e252bdc96784d389e8268c556f74705f8de1494d7b605f8055da00c1	5999998000	59.99998000
1DHoC6TgjWUavwbKH59bAUM9w2skJKb1Gq	5a2fb06b99b4dfc1f383416b8fbdc4f633f781766979924042f16b85606e21c9	5899581353	58.99581353
19aFjL3LYGB3Dr9AHssmYLkFYduvbrkZX3	5aeda9e30315ed3afc580ad1e4a805d104a26ee3872e8587068faf456cea5cb6	5899182326	58.99182326
1BRBa7LrvT9q9XkUi8U2JvWpBShxVVEBUV	5b586fd1fa08685694919c95db9f234ba8d03ec5bffeff577b57e1b85387ca0f	5948388612	59.48388612
1FMMvrSwhBbYRHWtNiLj2TL1qDDLCn4Vqy	5b5b02528d39b5b4c5b505bca64613e484f8cd2dee6d1706334d87c4dd0cb20f	6121375440	61.21375440
34rZfUQNkqrWD5yhV8sNLZnrsKy42nVdQ1	5b958be8331bff6a49e2be1c8860d9fc69f7da280ce27ba21a0dd65e3aa27ae5	5900001094	59.00001094
1JjU4WLJK6ifdKtXKqm13CKtJDX8T9tyhM	5b9c79c23dfa1c9970afbe1c91bd9e99a1290a4fc886b8f676c34a95a1fd6c68	6000002189	60.00002189
356Cg7YeY7aEYBtCxjiuXgqzneZ1u19eyo	5cee3b7625445481701dd0f87408c7aaaca53abf1c7fc6ae5ce3c56b4452daea	6083623346	60.83623346
3GErXtvCNz3rXPMn64aaAPhzwzis6L4Kbn	5e9457d35051388ee0b3b64dc5a678c608da930b66cfbf24e34ce4f555f59982	6146684287	61.46684287
1JU4i6an4BCiFFHX2ybfAjoFyr5qhDEYr8	5f5ca0c64ce304c5e6b5e774c6436d22f77b3d45818dd240bd43de4e71374f62	6073392044	60.73392044
1L1sgBQW7QtFQrX4gyAugdKrr2MVLJiUy3	5fd4227d0e874188e09165f9a82556dabc7fd89ff3fb5a7e454210d15cb8c3cd	5999999000	59.99999000
1JKnjNroEQnHbmynjT2KTSPCvyzCsLjowY	5ffbd1921a812c48036885b7a1fb965b8d3919e10c78b1393736e5cc442e46a8	6088585117	60.88585117
19ZLse47ooUjZVVyNNyybBvc6o2rdahqwc	62689fe7f070939a1009417af74ad87646bd5e6dd94bd8bbdc1d1e499552258b	5999950000	59.99950000
1N7eiQvTJvWR6HFt1FiGNCMrv8xUmVWdvA	630ffb4ee71e3d9dd09e7c8e6a2ccde4436a9158e69474b6f3fb822cb327c29e	6001000547	60.01000547
1FuxcpYYFzYPUNSJMEkKycYRAgNbp2baHJ	6368507469983507a5e4f5ca31fe93611c380363c4e6499bd45e833dbfb3170c	6099645961	60.99645961
1K9ahDKJynd7DAd6WcEA1PvWL7Vr8mHJUu	64165ccadd31f48e9686f916aa7000099664d319d7ca4954a2c5115c5ee82a67	6136097713	61.36097713
37jsvFFzS6H8seLAEjQ1JZBKyCbLGx2GxG	6511dc57177b4b88c7a66a7fedff7541bae17bc1d8f0d60607a42c4a9d976a15	6001000000	60.01000000
1A3XdkmoYJHrrgY2BjUhswjMigPMToZcsK	66d81a32a995895532f0f8e5e2ff25074829e1070927c83aa50897aa7a00d0ca	6000000547	60.00000547
14n2vHiYjWqjSgezXY1d7mKFfAkxywJCSU	686097759f0551bf4a771988e4d0a302acd76a47835647ddf0f3f08b386d1a74	5900543772	59.00543772
3KoFcxS8jGaSCWvFwQQNxfVoi7sDMhjB44	696f4a884aa8f732d4875859cc7308b6628ad9880b492e9fe9cfb135fe3b5ab4	6035677447	60.35677447
bc1q29wgl2w4dh5qjr5gkhh387yajgxnn9qswplzgh	6a9fe8498a8f90a74f58c07011f8485c223ce758615a571718f78619fa59e116	6145165094	61.45165094
395KkubY9rc7Q2gj6QV5cfnvTjLRH31HLz	6adf901c4bc1aa19d66649b74d02e3958867235bbbe22fb20ad0eff998d273a1	6041788550	60.41788550
1K8NDvSPky9CJhkQ35KFq6HJrAmdd2Ev9B	6b6847966aa24a8796a471fc348fb9a6bbc9f0eaf8aaec611a6f69bc9b3a8a19	5861650547	58.61650547
36J1yvDAVDaLmeJNBuJiGWBM7P5sEUBSra	6c58877e010f01b8e57c8acaff772bc2d3817fd417461da7874cf4d44cb42b16	6002700404	60.02700404
15jk7RfmNCLsscWgq3SJLB6XjZkYKLSYrD	6c867217408e78e7ead0e4d56b26335b01c9063c4519f6dba84921bb45bd821d	6000000547	60.00000547
3Mot914367A5F5CiyHdae74U1RhudtC8eH	6d6c9191d56bf9a1b9b7a5f6e3d652b3c8acaeef2a03939eed81a0f2579f0f9f	5999900000	59.99900000
3P46m86kEukThC2rmUuiC9wpqiijCcMe1f	6d96e8d46044e3abd49c7894afd5ca2040b8605fd45e45ad501b140793f29c3b	6136961094	61.36961094
1EG8uKQBtPbSyC2dbjJHY6yvViY8m1B9MT	6dad1f3607612495dfbe770eb70b378e6fa9c9344836e034e0045b3a69af1631	5887650547	58.87650547
1Lf18zyL49XCZFjpnFG28jueckLh36a4SZ	6eabe8678c3189821e7fc1dfd6e7f856bb9fb33081a15b3759a660c0560971bf	5911412189	59.11412189
3GVQpq92wWDPfS7qh1xZrLzLBbLVCf3Ac3	6fa822ee01474816ec348c4ddc55caeb6f17ce6432e14cea8bbc786173761000	6000880627	60.00880627
39kECXWAwCesfvxVevkRwnYpfxbdskdk9x	71cdb7005394ebe171b18e27fe308a76de76c00631841c15151c5e7004e1791c	5899994806	58.99994806
1JnA3TM2tGyoMpWMzL5iHQM5Eov55TjV7g	71d7a5af37d4968ce21bed77d85406cb722c2b767ce52cc6b2075c6e0bee7466	6000000547	60.00000547
14mFUvKegwwagVBTGPQHEEFwEHAZadnbot	72e9e87e9dad19da1f27f473a7f40ef2b8d6d71590b20c7b6c74151049f4eb62	5882170547	58.82170547
1ML5PgewNfDvwTKr8MC1pG4516qWu7LG8C	7371c6e5be8e3de517ef0a166f929f00719c135036d85101cb9a32c56d31ab27	6000000547	60.00000547
1Et8k4Sa8XycKi4Vh6TLFGnu5pCVpAh7g6	74719aeed3e2e42a42e342b2ffb7aebc8581cfea130ed13826800aabdd125fc8	5955435828	59.55435828
1Db1D2mhQKVwRmduMHZapmgtFadkPN3oyA	74816d8548b35e5d9b424bbb5fcb67e3f6a8f26374f51f4ca79af4573b47390a	6044800000	60.44800000
17yg3TJ83U2PfGpTfrVtXWz5vnnZ4ja8VQ	766c03a8d9fe6668245f17f8e7f7424e9d20d87fbd4702377e7565df9a0de426	5858994537	58.58994537
38rhz8RkGFzFggJhqULNzft8q6aHyHKDkD	773f61b30106a1d5d739c185623ac6bbe526d461c9b20cf773a9e5ff09f7eb70	6139796629	61.39796629
1LprzRskwriKswrdAHGUFCXLUzzhx8ArjW	7768ecd3badf01a5749f49f17e070942b5580d8fce278feaa0517a91acfd3f3c	6000000547	60.00000547
186snQammrs7r1FU7eXi6Z8CLULWy389Tp	776f04c27527ca146473eebeefceaedc28749c4b4fd8fdaf645c1f94737c0b27	5885501372	58.85501372
1NkthiQAnwW3JtLU9FM4v6zx6TU5Mx58it	780b5de36a429c388daaec43ad6dc8b1d2ed37416e7b8c541cb436a254b548d3	5877811095	58.77811095
35kMKiN9YCHRnG1unAXLu1wZiCj5F3GJZG	797668eb13c642d40697dde96b41ce445037ecb2e0620b0fe997c93142b362c1	5999729114	59.99729114
3N4VKc6rsoDWcdfKoqXVdRkWY9uT62Dw6Y	79b528c9d2de46a1e1c28ac04bea4e24d5f401724ddc26dc34bc9b227bf8b467	5904939693	59.04939693
3Ff7c1iaap7VzQxcPC9BZGU16E4v6juNFn	7a9591b313152f8fac916993cdc78038846279bed5f6654520fd2aa832c67866	6085703157	60.85703157
1EaqD6k3Kn69i1rxPojvdAjD33AEjSTuaP	7b59638c08fa7ec0d242c48f8ebb9ee864bc84d6de257ebd9c37800c0e36471f	6045343800	60.45343800
14LV7swUuXeU8FnzyKuTo8bDJaey91pJXB	7bb229185eef86ec4d53f7fe5b2d187e45a5441228b840bfe7e531b716d45afb	6013578859	60.13578859
3NF3USR4hm97WM2zshV7rRkQja2DzuWJuf	7c55c9fd1ee7c45d9da30c75f8b7246ee7d2c52e25756eb6447e6264d9bae7c2	6000044168	60.00044168
15sSQrDfYHjADD5R8qjB2gCBDE9YWsnhhh	7c84c0d5872aa535d9ef7d8f8127ccfab9479fcac1a6cf8537253f40d39b618f	5889021481	58.89021481
1Fs1aZg4V4cavaZaSiqiG55mVYtT9SNwAS	7c8fcde4e858aa00c12fedbe57f2fb3012154d32e2b82fb25e815abe14841307	6133602189	61.33602189
1D2AWPT2yNZryNfRPW2tjtyUpU4GzFEAcL	7ea3e61440c306b9f5906480203e4ebd8777423fb89f5bba9b6a34d82739d208	6094046859	60.94046859
1Hg63KY4UmNNq26xZw9xsstrLUFUX51bP8	7f881d1da8d310d992b1050a84d693987b3acfaeb9b13b5b9a9c5bd06668aa89	6004991747	60.04991747
1PYoQLd8hVtR1775Qk3sw57g3LWF4yne7q	7fb781c2105ef71f075aac639952cb587b261b4e1bbf60fa60c50f552b71f4f5	5987359982	59.87359982
15cfP4TDYby2wZpTqkAdTbosBLwoi1GC4f	8141a365b1178b3a14450fd479fae248291dbc71ed25629556183896a1e41c60	5864610547	58.64610547
bc1qwst8c4la5npv24n7kjetdll382r42a82enl0dt	814aebaf3dc2be26997fc0be87a0e646408c4b2897072c3ca970d2c8220d2a74	6011408963	60.11408963
3Ke6kD2PybwusXnPmbjQ852jEM3dd6fwBA	8271acaf10bd46601d38115d4fbdac3363a9c44176399814715b872775197923	5871377422	58.71377422
18875y5ttLDquH4EwQtQRjfJ2qhMhRfUmP	8375f8e8c1c2ab1dff0b4707f0f609b63b57d7a00ec006d8daf911feebc9ae0c	5934412795	59.34412795
3LJxnL3wndVhgPJf9eFqSQ1kCXtZ5Ff5Md	8427215e046bf659b6b196e97436f24868b51775d0524068a7f9f32474743c4e	6001000547	60.01000547
379WudNboqPRoZ1Ehyogb2iS4EfS2G8PSz	84ab893010feb6064ff3babbad0035fcb5ecc03b49254d821ab135af6e0d7fc9	5982917895	59.82917895
1JBy6F9P7XFDpvVnKXUqNfy7825HND3dLn	84fcc3c2e97e99c1fd906f653b96e3a78e2e2fe39091fa0de9a72e5bd0398d44	5868232186	58.68232186
1HMsuc5EeDE67kTJWUWY6Ue4H49xmd3hFQ	854e11224081b4eedbabc3918d9d33b4727fd808995d1fd04120a1206702eb37	6039000600	60.39000600
1Ji5SwJbJviBZeuNp9tZ3hXnUHeLKQYAVm	86c6ff34241467718849be86005d866323e70f01b98cdaff94844d67ee8ed295	6067636773	60.67636773
1F7Rpb8HEYhaKuh2t5K87NrKKZQA5PgfGh	8750a57ffde9108423c5145c11cad738bb2070bdf89bf722bb52a4a0a96e7765	6000001641	60.00001641
146jnpc5rmBYwVxkiujnpWFPFbX3q8cgjw	881b3a37bdabd61853b3efcab30d2f2465e0cbedb8576191142f0165f1d54adb	5910070867	59.10070867
3M1zTL2USpWQJXYbqPZNsy7wCLmvjAgouW	88e284cc86ecb83b30f982d7c3b9497f8e834f286eb02b49117fe3d28a3ff270	6000000600	60.00000600
3QYztPxTcH68RWnzmmkKdgYH1ZPZraH53X	88e389517bac8d9f3f1b921f1fb916f4adfa0c1cafc1e9e4c520ac77cdc55aaa	5998989093	59.98989093
1Gx4uS1wVKobzYxZ6nST7LHRZRZp9RdKSq	88ed773e7cf5bb888bd7fdb830a6a6b0645ada07351f40ff219801700ee74605	6000002295	60.00002295
358FPsNUjynjaUkVydR4peW9eDTmM5B7w7	890710b64f56ece16799415248c328cb9e865d968855d3ecf6169f6c6759be82	6001018613	60.01018613
17L6bSDKyRj6GHLdVZkHpFGrat24JwsFML	89c342aeb00c6b12d1215b978b73c58c6389ce67655923da9ee203ddb0c7cbac	5860522095	58.60522095
1N5MasSvDGEj2U11DZx2LavYm7Bf24spL4	89db0b3da515a9a7fb4ebdd01706ac763ee3b32c738e8e06aeab8890f4e42ac9	6004001095	60.04001095
1JKjfGmrT3G3BmmSGUgrAxnGME9xnHWB8e	89f8e81c72c7053f13308b5fe8ac47888bc374459a494d9e6f2d16fdde8669ba	6000000547	60.00000547
1Fm926u7n7HuLo219jPSGVFz6GDpDTKPju	8a892d11c09317873110c9f6f16fc57618831602ee3aba6e49a0a10906d2b1b4	6000001641	60.00001641
1KsyxhsyFtk1XQS8cS9QspyGjToRfJMGP8	8b1c9ff4e65f2c69e6803de6e4b03f0ce144a0dfe56613b2cae29c955cc15279	5899062294	58.99062294
3Av5ZcPgP3ycxThV39eQm52dRYcyDx5E4f	8b76079babced38c2c7b74cb41c4628a4fb5e4cd802cda3d5487a54f66504d7e	5949446363	59.49446363
14piNKA1W1ptV7iYzSmY99mz1hs8KUgLAe	8c2f514123c337f6694fcc72271f0eda3fff24c5284df7f864f236e87afca152	5999900000	59.99900000
3NiVmsGcAi9mCjVD9HheBuJvdxUE5j65Rk	8c47da5d76074f943950c5c6e8d66f0686a8985d8dfd896c5018aff15052f778	6065887492	60.65887492
1KGNr8mnV789V8LTMxjA5QSgJ3bhWAdv62	8cc8700d49df96b786533956800205c1835f874569a2b43917009d583653eb29	6000000547	60.00000547
1CEGs5R9SMH9mYyvqCgcwofNLSrNbb2wU4	8cfd7c0d167266e1b09795fde39441e7b4c2e794afc0088a8b4fa16ce9582ccc	5968607676	59.68607676
13iyoAq2h7oV7P6qV8AaEJ9r7Y3zTogQDE	8d1be980a0171482ab9b34d88969280ef1762d1e2a48a43423ba5a21829ff323	6000000547	60.00000547
1XHbjScaupPE199yjYVwjkWJRSUmQ9mK1	8d381b9439a8a82c5bccb65ab2c8b71c058a1fa3f149a6c03b34d49140348cbd	5889925471	58.89925471
17bSWBBe9y3bwKMBbpR4ARgndBVGMYLDMx	8d882fa4a7d5622635ab62989edd27f4191a3cd76292772010fdabfec25b09aa	5924297355	59.24297355
bc1qnzeuyvkvwng6egex2rrztk804qln5dr6skzk7l	8e1048283aa267fd88c00d2769da9a307c33e7f0666156feeab60ab075ac91e4	5999981771	59.99981771
16VQEnfkUZX6rztBJDv8t7HnGHEsW46ENY	8eaf2e6cd87fa9936e7aac0312ff3ac06db3390249924e8c503a977a3314248d	6000000547	60.00000547
1Bs4AU1KxR6ypZU6zXaUQWfwQqu7SG5fp4	8f216278836c4d7f6385b02e78ec425979e8c0654ffa7fbfe6809ea241128b7f	6000000547	60.00000547
1ARAiHZmhYPp4rEWhvg9bmcxZgbX17HNYZ	8f8941154c91720329a26b8ae25333eed4023e7210b8c8963094abb1e64e6407	6000000547	60.00000547
1MyCnR8HLiFjDbMYFz8gcE4WFC7r5dKnoo	9091635561cde86a6ecf817a3048558a36c5fbb25e80c433c98a8f92825d5896	6000001095	60.00001095
1JZdZ7KP2rq6nxTnbgB1ugMDEH4SmdqEJc	9101fc191f5c620831040134ef9d28674ba0d160fb21cb8c817b1ab960d81c90	6000000547	60.00000547
17Ten3rBJoezzxS3KozaNa1ewXR63avhFm	928fe8ac0d45c60409d156cd101a68f479306397d981d30b33e30e34a9e3a778	5900001642	59.00001642
13wZ3jEErb3aGuogXEsHM9X3CVQcvzMhYQ	9450b47d1061d3516f2546c669a3e45face25294a58fb67ecb61bb180bf791be	6000000000	60.00000000
bc1q6phyh5mhfq33wcxqyzvwmx3ea80az436kjqaul	94b16d7f58a853ba1cb0e99fa59abf0924cd5166b1496828a1ff7a7ef65a6b41	6075134277	60.75134277
1FGEfQQvrTV3GZUm5tfHVG62Rf1AuZwf3o	94b9e081280e523d30da3c9c74b3a9443f723ea1587ddf4373de0a03c9a8a3e6	6000002841	60.00002841
1DGkY4mxfR2n1a9mQF1MuAawBJbSHA7Z2v	94d084d8549646bdef4003294aa2b2c00214a6f2b48e0442879898946bdf43ff	6000001641	60.00001641
35bLsuhxCisdipvqSkj8aYgzGhizJzTbcB	95d90e4377ea07f1e5da165274f7719e079d36e4e62108acdc625d69a16b9481	5999064307	59.99064307
1ALNBA9zkFK6SWEGDto4p6uiyFf4a8Ukm6	96c0abb68a82e862ca43918a824d9ab8a2ca590f2e162ac8f9952afdfc053964	6000000547	60.00000547
1LivN6gAwBdUFjwav5qFY58KQtiR4mo2xb	98222f8a55abfaad7077d873b70911eb3edb3f790aabc2b57a3fd74575030e95	6000001095	60.00001095
1LVAJN2NjsMpSaSfhXwN1fUBMQdELAXrDE	991e78dc141c88763c4f4883dc30794c3667764c4d9e3f1c006098711afcfdd9	5929901641	59.29901641
1L3wCNd6GXhvUciLEaZbu5MmTYsPME4nQy	9ad6971cc712317beb5f6596b86d44bf8a8edf30d19cb2415c6c019482baed34	5940401641	59.40401641
3KYGvXpGiGBr4VEUR1iSTUmTcYmgM6L1Nc	9bbf02ddf7dae7a78fcd0054e614f125c409e714614fa493133aa2dc4c1c137d	5943376140	59.43376140
1664PydVQtYb181zvxdhrwXTCHd4T4F6Rp	9c2b1f7dd3475ef78deae61148af035122dec8423c847ead776b2bfe6585cbd9	6000000547	60.00000547
1CjcokyRmjseuQnT5UwXT6vnNSvvzSoFq4	9cc3f16f626c5fffd208153a26a18575a2ca7f5972e8d50584d5d0d0575ed785	6111931677	61.11931677
1948ZVgdrLNF1Mvnh1oov16LVqRrMDF9Tb	9d5069fbc15cfcce96cc12ca35f37d74d22cb59bccbcdc5c03c6d165229e163a	5904801641	59.04801641
1L1N2HHZkHx4aw6azpcq56sWDKqwgdKQmU	9d7ea0a738c7c6d7eaad6e0c3b6cae7ebdbde28a11317ea59494aec9a669bfca	6099911641	60.99911641
1KiX5ceCdzHJ7MLs3iZQwrQtQG8JCPoFK	9dbf283e1321a6de57439be961ca9d005488f0c2fe8b0dc9d86334aa75aab394	6000000547	60.00000547
1Nb1wp4RR8UrLHxVCZEPw58hXzMu4A9bGP	9df7013eb06e11e834d91cf9faf367b2a0c1b39bfd89f3ad1bfcfc19815f17ad	6000001095	60.00001095
1CokTn1etQtrsybpCNm6qFnCF3hTUjpSM3	9dfc5432f85551fa06af2a674097843fed1966a5e24e697b89519f56d3442152	6000001641	60.00001641
1EGKGR36rYpYnMNx448uYjk35Yus27Me96	9e71cad59afde4a6aa1f90de36c09c55ed21058c5ebe27234096e1a2ca3eec0b	5986387822	59.86387822
1CkUdqZaLxkWcotsHjMfyAsGnkoC61ngnW	9fa171a2880ab1d8e3a9e6b488a404f4902de137829f8b9b7a654df46fa3a7e7	6000001641	60.00001641
16ziq1q3jUUXd1XXWpA6T5cP3FTZaUUdwp	a06253d1df545bce6f9f85d5a52402d1eb708cb9881d317dca38d2efe80c3e6f	6086001094	60.86001094
bc1q24h9padaz0afh66t8gks7zpcjds7j46wq8trnx	a09d36b73c6efd4dc2ff5fbde50f6e68e5c6f7dd9938561350532b8aed23c335	5878923002	58.78923002
38F9oRYmn1exgLjRHTpuBj4y8fjh5NJfaW	a279e2ed0e8a91639677b5765828f11cea1d8afdee758361d2db9d21dc701210	6079546558	60.79546558
1PaNnE73ugGXdwBwaXjpSh58n3hVaT9P5X	a2a04eaa2a7251f06e3098465dc731f66a17712ec602ff96ed6132bacfb523f7	6000001094	60.00001094
1HUHau2zPT3FJhW1Cjt664HvmE5UVMSyhU	a2dcc634cafcc7e7fb4e3ce785d2b4341baf35a063f2c33b2eef9d5a8b5e1be7	6000001095	60.00001095
12PgzoBGKAx3V6yDJgCJ3kjh4M4VHT89S7	a31cc14f04f6289af1f555e51a0051486ab3ae87d1e387faf01a5d23c6248c6a	6119776338	61.19776338
14nNqhkToUJqg5qCNzcT2QzBF4YAKT3fse	a43f500e2dd5d45099899e19396ad92c3a101c1ac0d09f40721de962151a2f0d	6000000547	60.00000547
1DfeGXXns5BonGNfrj5RCcrDiqw4wtQrtc	a50fae1c32e9ece1088e395a2ade9d81151739a8e6acef2938884d6db4547ee8	6000003441	60.00003441
12qY9tQmd2dURKowjmvb49vyFcrfwSobt9	a76411f45b5b241bd62dcb7ee59ac9df7afb1ce020a3a5e66eaf52b474a938a0	6007029200	60.07029200
1QCS6ra2EEuYc3fCxwWjHhVkN7PECjqQyw	a839878e22c045ddba2945a085b639a7645aba2557ffdc9fca8e7163ae2f816e	6000001094	60.00001094
1BFCMdPY5uwaotTudgU8nDk1F82Vi74Qdz	aa4c9d98293865943f1837d919ecfa40852c83b91ffcfc8c5621bb8209ead805	5900001094	59.00001094
1NFbTcge5SEtFvigUyK9g5MVavA447xvbH	ac435284bcdb7923488d16b9ecee32113d46d4ee69ce044e52aaf784dcda5e4a	6000001642	60.00001642
12kCc4NNriyC2bge44D3naMJ3EiSYZgzXD	ac4f4618f9a276e8cebd04441986d17513ee82fa1437a7d97c3b8d240924f844	6000000547	60.00000547
35G8umQ9VmPVDrZBpzzv2Bu9EUQ8Lv5WMf	ad919d6d57795b5da4ce9adb2f1da2ca41fdec55085a3a647593c99ba7209096	6001000547	60.01000547
15ozDtGVTgRdwin9B6Rc7sXxWJ8z9VULYY	af45567e7541a6dc5d1f639f0796bfdcc048affe80d8b104b10897582ea8050b	6100001641	61.00001641
bc1quzwyzv2wmw5uzwdzs7qkzra95f2882rythgqum	af69fee64544b530d1c6aacbd0bf091b34eb1094a280823ecee0a51ff391a275	6000001641	60.00001641
12xDNz2WqqeM6SjsVRjQvJwcjzeusc1PQ5	b116ca185a7074ffcca4355a9a810b535f9bde5020f2aeb772742b1637f4f19d	5968552441	59.68552441
3FxKKZ89y5YgqdAxVcQYpxLjsSf4qttibv	b1674264ca03e3899dd0771aacd8890df616263129c7a3d2483347ae627141cb	5900000547	59.00000547
16dk8VQKCoGW4uVHJmX5CbPUzhadgE7QqH	b24c186d320623dbb230df5b16d24ccbbab90b883cfdc7fea933b40c083c482e	6000000547	60.00000547
1PrxxtVAfuoF5FWBVHHMZBuZsShpBxnRJT	b440ad9fd2ed643e2325a6c2b517390e27fbe33909e37eda0fa159f572081c66	6100001641	61.00001641
3DJBmwb4BN9gQ6YXVewesRXigjZMUV3xA3	b45c71bce1c521fe95870edf47a4b01acee0af6f5077451cac253ef098891028	5899998774	58.99998774
17Eh6xRa5P8gp5DieLdD8AfqVccTWvGNK4	b4d7c481bffe01804902ac896549dccdfd3a3764c1b7d1d4f790e8f138b27eee	6127992188	61.27992188
1GEKWAT2TebCWEfXj9douAfi2gnA7UBRhp	b5ac0a8618e482054d20d4c2ac8a683ca022658ab0f4cdad52321b56370e0b40	6087002189	60.87002189
3QKXFMxKpRq826SgMbWPSLREdRY8QqNqTv	b6b5f4f6e31399a9a7aa1308b4062dcf706c8709f6615a4611a8f2c76b8387e1	6009322666	60.09322666
15QguFNLS6LYb4p93yDywPKytCT4aJWvRY	b782103a1da4e38e053fa57bd079d96f3a57e0353f3d738b1ecef64dc9dcf40f	6000001095	60.00001095
16GZzAmjuKPyuSWE32RzQBzxtgzo6P5sP4	b7b9d759adad7ba197d14f75380ca4a8ee4d7a7b283d193a7134b19a8202d60b	5887452295	58.87452295
19kyACpqbwDZyif2DjAMWyt3sVH4YPdpCT	b8215d44035ac56f15bca0413d182b6b69385a588ba86a031b3aa001e194e956	6000000547	60.00000547
1NEeMvvhkfUPFXqSgC8PuAp9ZgeW82AEQB	b92ebe72b9ed8903f43a9d979d34df671c681dafefa2034b079d84c6b8519015	6000605794	60.00605794
1FM2buMZGqgTBttfG64g8XRb3qAMX1P69K	ba177f2e5541eafcb870f738da121ed290d7f96f89a2839b89dcd6b2885b1d1f	5900001642	59.00001642
1C1jLZLqKxmsMuJ1JH2SftEm8nBrruGFbZ	ba8493edb743e83aec76c87add401e1cc4a1c3ee065c3118e9167b7b5ab7f527	6000000547	60.00000547
1HaHDcmDE499XLbB6VyzvFM2CtwtnmBzE9	ba937a00e1cc8ff6498976a4487edbdf69e27efdf0de8f16f0f92aaa24b78eb8	6000000547	60.00000547
3Q98CnG3dmLtK5V3wg1j9bf1VCRTUZf7kg	bc0ddbf7aee2e301c84c03c6e408b3eb0b446de46172a13632473ef8db3dd678	5968701094	59.68701094
1MhskjFEMGNMSUd94gj8Jfz9WH91js1j3Q	bcba468cab098046845c07f3e8d0cf7d2d4aae49e1499e1338e392a85957f5d5	5876224523	58.76224523
1CQRhWt5t5JLoZZW3gMFf5a4nVprNVUWpf	bd413fa0660f324589e2d37d184ea10a8d9bae184809081bb0463b0082e57983	6000003441	60.00003441
1KFLSDkz148X8ofoscA5ipakkD28ff6t8m	be589ba88144bcdbb0e800d48e0c9047aec533f35fb13dc9893b4dc0d1b17025	6000000547	60.00000547
1CEp1VnP8LTLfjAy17s2pcm6Zvqq4WeXCp	bf1b9ab01672b45ee78f712c3c1a017c2cac74119ad2bc6552e531deaccdb8b1	6141339427	61.41339427
1DTgiqFxDKPBajdRa1p1y6tX38KtE5Fya9	c0a97fb4a43835a5e5e5fb43ef17628904346b04c8c149cebb1896d2f1e5b210	5899890470	58.99890470
35XdshRcr2r676EePUr5ozQmESHtpGodMV	c2241709480b2209655ea686f78ac4dd733b75033b9e6bcf24a746ebb84ad0b2	5900000132	59.00000132
1M1fhsvjRFAhG9fKf7zLmipP6Nz2A9xHeW	c287ea07a755aa09271c48b08496a6212f97ceab6b108f8807b7b439476a7711	6057089969	60.57089969
bc1qcv5wu5gxr3j4alcsarkkvnr8h79najmkh5sunc	c2bc0ce6b1385bf8edf3ce19463bce7490d5d1b181d2635bdfe256eed3a30891	6031032838	60.31032838
1KaJgDu4FheUNfCkZw8rUoSTes6aDtdckQ	c319c0371fc42864ca3f842e1239d8879baaa717100813ea5e5c1e7a7b0185a9	6000000547	60.00000547
17P5PuPtNvUwmwJZpVG1hxbYNuqLpfA3X3	c412706b4dfa91eb31d3a7e5b06b18185fdc17d1256ae6dd8b3c050f0a796894	6097683415	60.97683415
3PZeFaN5dNf6frVG4VTTARY4adz5oExvho	c474548e02b25b63deddcb45e537b932d0001fa547844c36131ac31de63bcabe	6007099386	60.07099386
3QoUgQF14iXReUnBjwx6StLg4i9pJwVVW4	c4dd222a5d28932a25eea28635ae0f866b432ed82070c6bd9629a14be3000aa5	5898138055	58.98138055
33VgoRC2qH4ig7oT571J95jP6ABboXhVBb	c5494eed2a56445bc662a86074f392fc484347aca870957e36c058fa883217ca	6048450286	60.48450286
17uRsUQDPDmLAkmyw5rkDPpXQqqPfNmMHM	c56317017fc6a124f98b1a7d0b891203b165384c4fbc8c2b1163b82cf45c6c37	5913466188	59.13466188
3JxiFa4VPCcb6M5cL6QNTZRpBX6E5oVYgH	c8f86d059a569d1597eadc2e9022acb2da59c7e285fcb30e902c520e80d6e494	6001000000	60.01000000
1Nnug45ND83axHPSq2NDv4K18A5ieQKehk	c91ea5858e07d8f10984d1ba92776be5cfa2fcff5a12595bbdd21cecc8bf82bd	6000001094	60.00001094
166nWMPTWw8QfZubkJZgWgqdWqtT55aGGN	c9ce9c4aa074c58c7e3409910c9672ec8f45519615c181c601890b5371932d56	6091713348	60.91713348
bc1qc29pdlpm9ufy58z7lvh8v53hfjy8zfu8ezv6a6	c9fa2a6fdefe39ad333682d2fae40ad44f675c00077188843b722ec83cf987a1	6119838334	61.19838334
3MG5FGkgF4Y6EB7fqg84pnnzPhu9AHam3Z	cb06cf96faa4bd534ea044e10ef0b4e2f130c25d9feeb703c35d6ce907007415	5999900000	59.99900000
14M27itBuaMe5UNiXW7hGZ1izr4vXCE84q	cbc35066fb86cdc0b67191994d5198d23fd2af7047f54e26942936f4757dc488	6000000547	60.00000547
386nUKrXAXvaduSL2EqJN25nQt2iV84Jeu	cd022a610ab2a0f164c5e85193e6b263009fe54cbbb557d27661877c1bda1050	6001000547	60.01000547
1M2BJLChwf52eY5Nmm2Q6iiuPQV1xwQkjG	cd5375303f84f39de1005ce618756863793143a33cf2faf6783fa582577bf6be	6100001641	61.00001641
16gtY7JCaeEf11B35Wbc2doUPFezSgpjWv	cd60f9e1e8805d4ee2929aa6c151f829892aa0f2184e77baddeddde1025ab2a1	6002000548	60.02000548
bc1q9664vlcva53p9se7m0fhu388mq9t2z6jftv255	cd9282342e30f6869c21a144e55f5446872e3713bf738c7a6635bb24942018bd	5999998885	59.99998885
18JbVjKEKhhAK9SL14NJodWQykCrUCXG7e	ce4111b9fbc24993790bb317da607b37eb583faf6ea2095ff4960f4c23ec23f4	6100002189	61.00002189
1H7DpfAsemHSqHJ9Bcj8EhiijbJUsHSJbm	cec82945087148b196e40ca960976354f50c70bf1b2504f9db66a7b9f3486c64	6039974239	60.39974239
16haPznvQgn2iVgG21qwCf9iANTwTH3QGv	cf5eb14f115f6b854b794d137c0a7760e05ef93a8600fa0286b2d4c81b576273	5899991094	58.99991094
1FMYcwn39kpgs6mBsWEBvT2xoosA15zwx2	d560e6292298c2061e22ead91e2f64316b535db0dd848895b80b6fca73f4513a	6113921250	61.13921250
3MgUiCaTzTfNmJV69ScPxu1RZtfBnVLRWW	d63d67c20a6caf739db5a2a5c91321739e47403b1dbc2b9a4033a15df822308a	6000000600	60.00000600
1HGbaywaup5nSuNCkjZ1Fzb3RepGARHsiX	d69f47b1a8afa2cf6568518018ce02fec707b87ab25280d29ec02eaa29af6a3c	6000001095	60.00001095
1KeyYnzMr8gq6CuRKCRmK9qFS9auatTPk2	d703a0f156ed96d8539c44f2edbc54cb241444d03910521a3bdce6c64d8f8238	6000000547	60.00000547
1BtXqUqrthNhb4J8ExjrgUz2HedTuBZwPf	d73d9aca507485c9deeb1c867a924ab7139eb0c770fe04e4291793b8d6fda642	6000000547	60.00000547
13fdgTuHLVPi58sPuDQf6SSZdvVo6g3P7Q	d7cb0b229d886be8db13343655d238e39820aa7c43b2794a3ec0116d1938ae7a	6000000547	60.00000547
38S57GFPaLtzhVkjaLoe8gzzBuVkQU1f25	d8d76cb6519568273044d2efd2c0de06811cca6dd2227a7ea3cb225c5f9960c3	5979479975	59.79479975
15VmWmgZqGPkv2AHq8nTZ3c4ZdwqyN7r6T	d9cacf7ffcde77a0712362e0314df7304088752f32bfdbfa34db95714137d464	6041066000	60.41066000
bc1q6y389989trxs89qlm0wuslg39lzxytm9c22adu	da44830b98086a07d0fa552dcd797f12f2f291f1e5562c1b1d22c21eb463366a	6059545050	60.59545050
12S218SDaCz4Js7BBV1QhimRYCg7dSZ8gU	daa5a8b34db36f54b44f278a9114fe68807b1c93f974af2f409df7ba6a593133	6000000547	60.00000547
1EGtPLVEUV3RWoBteJTqBXWvnQi6vrc1eG	dac7e9119193ae3668138840a7e74f5f297801164a4d6c020cedbd2e50100bbe	5899992054	58.99992054
38AnRkQHpMknpmUCL2TN9kdxrBPhtPNJ5e	db8f335b596fdab2bd1013844af2d9a0e443e6d72c82d8614166536504138505	5999999300	59.99999300
3MYzHqdtm3DaYp2CfkS1CtVqBiesEkKvXd	dbc304cacbf6bda6f4529e823da8903b2c7c781499a9533eb3d2fc666c162dfa	5883492008	58.83492008
1Kk7NmVNT9h5jvAX89ARCmHG7dP7SWfaKr	dbdcf361bfea46d47957d1012d7fd98dc8ef385f30e7ac8fc1cde050b20c7a6d	5994000000	59.94000000
bc1q7wzzv5dhjmylhmu3ml3zjv694sc88gfh708vdz	dd02e4c92c509d91bb64280a22701b65871713be69929c7afb7c508b199b4652	6104982587	61.04982587
1Nv7NTJqBV83pjnUPzFWxcz2hDP4ZyA5qS	de5cde437548241ab1dd3611ff5747e1e3c3fecab6151daead55b783369b0937	6000001094	60.00001094
1c6LYATtN7JEBVtJ1jDG6tfLaa3MdGsoY	de5f28de77405f6f3ac18ba7ea88026b400ea9c55b79dac7d345592f87dc9328	5920642244	59.20642244
3GPuCH3XzgXh6dumMo4jDBApUppTHA7ieB	dea27afde3a34841b74a44899009fad77217dbe179e1b933309b588923e987b3	5999960000	59.99960000
39EXu7scf9RoPoetgzhkHU16ZJLfvQDAQ6	deb3979bf6ec7e23ac23c148c9d15dc9b5292f56b5d41ff9dceb08da361e71f7	6003489635	60.03489635
3BDVsKMNjwvLXYgP8gSsF4ukqRsTR3qfmT	deb3cb323b3a3fcf0b3597c57691f93d50b3d641285258bb13fb48d33d6b50fe	6002119600	60.02119600
1K46E7HxCxt8K2DwztfnK1hk5NhLou7m3L	deb42eaaee81b5adcfc354ea250913dea8b3f0567e6e7d651e96d644330c3470	6124076388	61.24076388
1Q7Ho9UxE1ZNBYksN3uT4cAZ6sojLXHESR	ded006d931b55b1c72b85451e2ba122ff1dc550ace848e2a13619db63aa49f58	6020053347	60.20053347
1P3yCTvdoYUz9rkm3SZFhULvXV2ZVDvfAR	df211b57e117569d567d7d9e125db0d13fe56cdc9ac088ac6d81d8bead304bc0	5958884504	59.58884504
1GxXdEfojNKqUNQbjD9pzVvYFaijMTWiYj	e1ab641e87c3c6fcd8015140cfa59e3b0b90d4fe866b29dff332e5f22e530fa9	6000000547	60.00000547
36xezQWfVuVnLY2XJwdviQnvdfWdfraR7g	e233d04117d1dd498a825636261cc5dde5193103d7cf6d2119f3d91e1d3f8bf7	5937616932	59.37616932
12rfNCvQrVzWwYMAthBBSHW5UYGD1CSdmL	e2c1d8d55d80b07d49f4e5d60cc6a95be18d69bb10ac1b0ddc80f3360497c88c	6000000547	60.00000547
15F9XyMAinkBeAqh2U27dVp5ZMvhX6fWPH	e3b0b9b489a4ea3efdb26dc3202b92d540b09436795b49aacb979ff3cb96fac4	5894001094	58.94001094
16wnrEBayi51DxsvqH13WgNrZz9EkNR1eF	e40b1b7833fb59de09adfbe987108a9a2949c3bf06821f6f58bf220755a4a3d2	6068460097	60.68460097
378hFwuyVUapPe7wXvk2KCMytJERRyZzQ3	e4442b4349e57107ab2e0eefbdd2f5feb3b50bb49c49355a6de2cf8165db7bb6	5899999984	58.99999984
3GH2CpiX5t2WejKSgyCWBHanxjh7zwUdMr	e47bf141efe66b12a61df68be7cd93b4eda86b24390c31f08c91c198828cd85e	6000001641	60.00001641
1Gbp8K76U8nqMPqSRMdHwGGyoTKCdT8nHv	e6a3e062efc61a6a75078d88faaa1f685f0fcb835019003142516db0af1e334d	5986773744	59.86773744
1DQL1Du6mtHbjpLTqwBBxWvZ8fYTgpeLFQ	e85e9a41db4a8ea78eaae649fb79e427396c0eea843ae2a636a9105393b51e31	6000001641	60.00001641
13cpPWcBwUEgLv7Y676hhHwuzbTFPu61cU	e967609617c68880a5b67b926f977a4bcdcb244118cb0626dab111d3cf91a797	5854087288	58.54087288
16y3LkCW7kwDsSHq6muNKuTRDoMJKK4qeC	eb66aacb6eded66322b726026cd5aee8e3513a753dd814154aefc3bc147a52b2	6000000000	60.00000000
1K3SCcu2TNow85mjWhxTwvYrUJRg4Bh4oU	ebca6ecae82b1ceeeff997e1a2aa1808497b11d107f21effe2f98b073f615125	5999948710	59.99948710
39j7zWwpWwHD7Z9cEjm1LeF2PnfNwoiBaX	ec0a801a9f0ba69a3f24a2eca1350e38022ce4e209ed2c6d31acdcc7fbe5ccca	5899649905	58.99649905
18vqavT315MAhCGC7AwXD1HrK1yMDXm1vN	ec541123b18fcb9b46bd7e1ee83d90b166a84afe7539cffcdf5ee0599ecb15b3	6006594160	60.06594160
1J6vzoxnoFAvURs2bVgU2FMfGYHpdcZToC	eca0aaabe45ff4fc6f8ad53b7803ed3bc86e800a693fc5751c5c3fcfd1fd4472	6000095902	60.00095902
1JkzGHxiNiPPzJGmxPKbDM2vnGTa7mEvAN	ecaeec200e1ffdd1e2268d5c5392796a123dd71d1fe449b3725ec87f8d961180	5931331637	59.31331637
14zibaLmU4sVySmxQMzvNzL6hH4P31t1nf	ed19faf9f8dd137339222dd36aad2375ea6c721122a003ac48192777816348b2	6000000547	60.00000547
33pN2EE1Y1MFexhxLjqrmREMYTdBCj2qbc	eded9998d765ddc35188a7840aa582a2c24d180a094a1ee97274eb43ffa6a878	5911365929	59.11365929
3JTHpyJJVvBWF7GxfZoDm3z6ADG1eW6U1v	ee091fc42d876846c3cbc9f44e8f86c81941fe0bf89a782ce3e06efec9de3df5	6029659659	60.29659659
3Ezp4M9GyQadm7aJB5ZuVfX2PgjZBhbUZj	ee2c11221a473be5dcd30bbd00960f44b3199cae96d0e7e8fa5cb4ad914e2d61	5877105421	58.77105421
3GuQpv72EoATwva7pFFk7T5AVouXQL7iCK	f019da97d2e708b96dadd50f5ad62e8baee85d438fd42083e8db7f71cadd02d0	6042651190	60.42651190
19hzmaj1hgY8YHxPpDU81KWTmNVz5qYXeM	f138f82cb254b09ad5fc2f062fd74e2488db46e830b78378db0d015e15985e57	6050253230	60.50253230
1KGTqqR9cUPqUj5b1GAxydfTP8GCSBxPex	f2fc091f1bec71a116de80abef405c06544c346fc4990fbe480e0492f98660ed	6000000547	60.00000547
15jx3epWEbRqpSSxSqhBRhJSwFBfpwbue4	f301f1560a5140203bfd67c036c37ba496e37aac572cfe2d6845d507484baaaf	5900001642	59.00001642
19z5VoPEfXaJ1enMY4PVF7wZJu4htuZyEF	f3426d70eb57bd3b3bfac4efefaa02ed3a063781188aa66065a6c4a0b3810c79	6000000547	60.00000547
38zb7AdKMZmTSA45R2KSi6LUvoXWBB3wTs	f45510c2222a855599f3b2ec1e6f62a753c375608eccc3db9527a93cfdea43f1	6000001641	60.00001641
1CifcTPdApmc6Rmr9MPDBbN2TYvbsnZxSH	f5ab310dca3f65fd033acffa4c7c0769c659b96368c1d113c48657d338c8448d	6000000547	60.00000547
1FirNmQ8kHwmqHqn6GF4YdKxsJFXtMSVxz	f63ce417229332b9dc0de373d2a1aa38ef4d9f3e1a0830b0ac6c2e21a598d9d9	5899887561	58.99887561
1xWGg72sGBLvqiKg7t5b2wQdytJG7DZBJ	f66b8dd4c3f571f248e49044fd779bc772094dd47ab71ad7b8842b4602b87edd	5982825095	59.82825095
1Dx6C53FzeSU5sozPE7Sy58NPDNuiDXZLu	f6834755f341f87ddcf62f69d18cf548e093f0938297e871025e5241ba8bd9b5	5960403284	59.60403284
1513D59uf1hbswzPtT53jTudbXiYZPPqYr	f79b47bc3f07e7b4a32819d46be35ee40bb0d7423331e3302e0c7fae39b7d25f	5876484722	58.76484722
142Nyj6HYBFWXiV3VMP6JprjdTgo9zFcZC	f8517f12b48bd03248420186993c5ea9f68213f951461fa1cb82ca419426f3b4	6047000548	60.47000548
3J8tcXkWNR4ZuziHhoXMvD443xayZrnUB6	f927a529c9e8ea8673bf60d426005c46a9f0e75e9475d122c8e35eb418c0cc36	6000001641	60.00001641
bc1qzcm6ad0znl5exzzcvgxcp2l30kncazp79xdlj6	f966ca22148c8901e2b47fb91757d57791ea1e9890fc5779f0d1137710fb1e32	6118399165	61.18399165
18Sx7yPHUaD643FJ99RktzVouC4N9Fw5Cx	f9a6ef7e25891071fb10feda429f7b64149a82bdd4645dde2b394b295642d7ab	5899995326	58.99995326
18XaAsYD6JqzHkvjS5kgiMfrRpURTjqQKV	fa468bf65f96067de43014c69278dc544d0d55ac76c9200b2627dc10fab509e6	6000000000	60.00000000
12sy1kxbJXYtDgVXEjhmzqc1yw9335UrYW	fa770592071411e543c924f98f3262ab7af5eef087e5dfa95cb30507e0b437a2	6116930594	61.16930594
3JuuqgWzquwKMEZrSa3ochnRTca6RN9XNT	fa9336c334ce1babbced47ce53602efd134a4d1f563fdeb91c90100420563dce	6000147761	60.00147761
3KntDs9QZXG89d18CFZrqEdFvRJRQjyZ4e	fd0275d62391d358762a9a587f76c1a37fcf97ee41be3348af9a263672efa854	6100801641	61.00801641
12kFJCHYTWxF4aFnTZcJbtmV7BtP6CNYPg	fde356a712075bb62e5a130e7ebe535dcf4fc7c1c2b21ee43d091f9a4f05d23a	6000000547	60.00000547
3N2BMAHVgf3N5t454thWLCcZLCTrtSPngd	fe12c000cf5967ddbac7c8ebda6afad450f9f0a2f2aa26132b560475b573e108	6101052740	61.01052740
17ouXepJ2QrCk8SMGghd58Rj7r7zeHFsFA	fe323c1067f5f6687b775b42a9db98b3ad30c08b3f32148e42a21e59998bc87a	5999700547	59.99700547
13JQNw8GtPerSub1rBui3WP3k6Y5Ayz5Zx	fe93a7c327252df7a74c3427bae205bda2779882c218bfeb4cf9201085409f23	6036001095	60.36001095
1B2iwBR2DVFVJy1AER1irmBgKjVLTsdeJk	ff667119e54fe0273744c34edbba1857cdd292c4c3d841d0eaf946f5922fcfb1	6000002347	60.00002347
3BGrRkf43xPSxZWVD74en8Kw69buBw7gvB	ff9630fb206443a47ef4d3647a466adb4aee081959fe0afb89a07c2d44fce14a	5999795611	59.99795611
