scripthash_hex	balance_sats	balance_btc
000690623941c6e4bcd988f4afeadf57a4eb93ca0be37b47f8b81cf7c903a267	3938069013	39.38069013
004d29d6f517f40cbfe5208208c216da2ed8f52a64c82ce350388e14a67c1638	4000000546	40.00000546
0080313b846da71f9fab27d28b8b767ba6e8a0f6050575ffcbc23f56e6d41cc5	4093905192	40.93905192
008d92488a8a6801122fb715cb6840371f41268e2396da8e1ff3e720dfe50b90	4000000000	40.00000000
00ddcee7e571e8dfac03932aa44cdec3dba8115ecccd55d25bcae96d36d3cddc	3989022357	39.89022357
00e311e0dc825c567d2794fd12082f7c402c54713a869401a0dad175dcdacab9	3995577635	39.95577635
00f8727848ac2423c2ec476a7535bf3d4c9542963e42e800a1d1604ac73d57bd	4033040872	40.33040872
0118c798e8b0bad962dc9ff6e1a0e66e9106876a616625faab05f8c7a02ad8c5	3947277187	39.47277187
014d3ca905ca6c0ca4e3bfd3769b7a6ed5c218ec67746cf20469a60f4236df36	4000000000	40.00000000
022dd80d1417cb4e7f62f77dc7a00fe32dddc49cd5b4085f3ed092cf5f276b36	4000000000	40.00000000
02492b0d8f28096acd0abee6baa03a0120fdebfe631c730833a764da907d5106	3905370839	39.05370839
02b57abb2770308035641e7c140fd431bbc91c1439c436b104bbaf5dd21c5baa	3914948443	39.14948443
02ddc95621a3ec26b6e2c3c18113032802df4afebafa3013492c3953a347c2c8	4046003572	40.46003572
02f1a2376ca28281db8dbbe2f29d64bda4fd3e775fd4ba82d52c50eb5861f58e	4000000000	40.00000000
02f9efef02071ac6a2f7b16ccb8156d30c8e4328501f22499bffeb62faca40a9	4089337335	40.89337335
03373d1904d2cb562cf701da30627ddd7a30c5c8f1f7bc83bbf80915d6c585ad	3999949126	39.99949126
03992cfbeb9eebd1009b5ab1205aba8dfe8aad1f47071fde8ac059f76ac5e44a	3970053700	39.70053700
03c182aafffaf1dd9ec19a16e47369665adfd01302859f67344f0d6f33d383c2	4030989065	40.30989065
04040affe329160b4bdfb2f88b51286cfc1282393955bd9f0ac007b3d587f477	4032841922	40.32841922
04a67ea9a8615aa0af76d03293ca5e40bd945e617d8de11cede4945f253f3c32	3963528704	39.63528704
04d2e540e87fd30345cf123e973590871ebc6806b72f7934361bb822798dd2ce	3999868758	39.99868758
0532bae9dbe77b031a90d1b8b35c7aed6665d7b1b57b23f9c8c0384adc8b8426	3927769386	39.27769386
05ddbeff6c67ba03d08cfafb131badc620a24b7faf13fcf7d127271a8efa5f42	4000000000	40.00000000
0604719953cb97da8175cb3b8bb44d587b8149a288f7d4cbbc0d9701059a9e11	4089924686	40.89924686
062052b18034c55fad6f5cb46600f7c151cb55812fb270f7d01e4401cf342a0a	3933001591	39.33001591
065621a1a79d7aee59af661ff54bd339d00dcd9c45d6f252d4566519966555c4	3935000546	39.35000546
068f2cc9af9bb24f5ad4fc0df410033800b642e903b6f9f619586f11d2c937d1	3999321669	39.99321669
06fe67d0041bd472574a95b38b6528db04ac94107475642e48915c156adc1e22	4027633220	40.27633220
07949371c273825a7a14c48e5205a661234a3316531c911fb2dc3466a729784a	4000000000	40.00000000
0794a22ac8005f7970865b22749a6962733dd0b8357e341c0ab24c5c18a5c711	3915236374	39.15236374
079d1c6f0800ff8313b71cd24d86964cb21e800c982da0980355e40d152f3904	4052903643	40.52903643
07d23c5681e873c8655ec85b93deff85b35a26f4d9e849a896467fbcee8dc5a6	4031963391	40.31963391
07f1b5dcada7c54b1b8ac98646c7b912c234b8440874fbd2ca6a8811b9253c4b	4000000000	40.00000000
080f4b149645d0e100aa7ea208782ee05cb3ad28b1476bc955d615246778bcc9	4000000000	40.00000000
0830995eda792a9cab86edf54af1fbac7145d6ec0b0bd90b6b50ae399480728f	4004632504	40.04632504
090b50cf7cb1d2e17cef8ba5705c8543d6339700fe39c15e805e5cffe46f794e	4052077307	40.52077307
09748a7a52839b7decc14e352f8c716271299b4c9740716b7b54f43b0fa692df	4005365362	40.05365362
09b71241f90561124ac37afca7c526b92960f157773025123f0d254b867ec1b3	4001862862	40.01862862
09e618277fd5f8258d6c20cf507c2ce267cf4c9603d9aa91340c56a72f261f65	4000084029	40.00084029
0a08ecfe05a40e9da79c79e82155a59d6acf0615495ba6a205280b8b4207d0bb	3961288272	39.61288272
0b03eb40bfa8ce06c2418c4458087aa39c24e344c47cef50e550e7bc83b9fd71	3984528026	39.84528026
0b1ee1366117bac2b3d137197f7e52eedd850d3494ef46cf84b2323322b0330b	4000000000	40.00000000
0b46c6cd373a8c09c61816a2055c3231436ce3c379546a3424aebcbb8f0a786b	3900003401	39.00003401
0b581a827e935de8210d5479262495d2e855cec937e86cfa3735046fea8cd0da	3967252192	39.67252192
0b67960a754e0a1f8aa46f8a132e9a4444ab25fee6ba9f5f678d550b37f07bca	4070201532	40.70201532
0b97c0ea88c03ec77f1e2ac60fd8bd344f3cb0e477510ac389c14b746aa8ab47	4099994456	40.99994456
0bad75bb919cab249dee8b301407ba3fcc8b83b5400380b42fdc2cdfe5c19aaf	4077351590	40.77351590
0be480ef5e5362a31e04bc48f1047931b58dd95767fe0686ca681871fa4ce40f	4066209328	40.66209328
0c23ff8eec0b4351c146e1987251062931ee66efccdb8dfd9cde36b0c2040231	4000535737	40.00535737
0c4e7acf35c17d6653388e834c130332b980b9ccdc326ac9bfa5e9109647692a	3952712931	39.52712931
0c8590c0fb0c0c4fa9978e28236e384422b5bbf186e8cc0f994d08757b58b2bc	4015025332	40.15025332
0cafdc9c330d4fb336d4c1e950caf6aea253e5d7fa0f4d09c8d9ad954c1ef990	3931303369	39.31303369
0cc7a2f9067ee027f0b704f2127578eb94374f32c3c657b73ce1bb9edf4dac52	4100000000	41.00000000
0cfe039fe1dfc8971a7d20e14b67a71f9a57d55350020fa950099d6c8c7344c6	4099996182	40.99996182
0d08caea084b198f69abcd69111ebec6306f2aca4ac34eee5ae6d99ddc22c905	4016184972	40.16184972
0d1129a047206e24f0aaea242ab7489bd4c2046cf1e03e9898752a6d2d08eeee	4000000876	40.00000876
0d1d9b5f3f2c2cbd4fad31f80fcb3ac9453076518a2e2da8232a8a48ef74948e	4000000546	40.00000546
0d566e6121df6c67e02dd26e125c1fe2f0bcf783c5e21b0b4b549686c816e9a9	4031412090	40.31412090
0d66cf6cbffa9ad21d8b2d78db860a921ee5243f6970fd585c15c2db832bb640	4099986094	40.99986094
0e47faa6f997f207a3fec1f8ecb8ada3594e4d07ebe9e0468ae85d73c0c89b6f	4049180353	40.49180353
0e49fb969899478a987997d7b97025f14fac13be06492d4aa99a64f4bd221585	4000000000	40.00000000
0e6e61a96cc63642d0692ba1d93df18c9c840e7f9c72027e9938e76189bb1d4a	3922289112	39.22289112
0edd1c343efd02f0965eb668ed17c1edf45ceeabebe2dfe06d194eaa20dbc06f	4000300000	40.00300000
0f1309218e823f2ed0225d1e3b7d6caa37d8e4d175f4f7b7f860ea919a58b452	3977829240	39.77829240
0f1e98638d2944d05c8741f33c53a5732d0a996c29fe63245ba26cdf73992925	4000000000	40.00000000
0f4504738945ec5ea0b93efd20e6b35f633881cd68b7415d30691411452074f0	3988278228	39.88278228
0f4b4dbee321592ca0aea62f2928b3ee2401402bf03dbcac8b4662191b2617c4	4009997000	40.09997000
0f8cd4393418ef28dedb5471560543351fee9f8ff6d03f0c4f793b59fe3f1ba5	3999999292	39.99999292
115a76f303847e708faedd83bd241c00071c8c285c9e1bb3c6618ae01762426f	3982704532	39.82704532
119c3a94e28649e31065e6988a333c952bc34b37f25e518bd46849f6c9932883	4000000000	40.00000000
11d8c17ba29044d84829eca2aa35b80b0b8a131deac5c80980ab4b105a951f49	3979320000	39.79320000
12030ee92fb4e46b225b65f09b480108e01e1272da2a7abac776b6110573920c	3989579678	39.89579678
12216e1dc36d8c5090b717aa0755ba9baaff3045a70ec148665c8a1837b784e3	3981656658	39.81656658
1238764536a74208ce3b438aa0c8f0c2805fca37e75697bc57f948333d00bf88	3964411898	39.64411898
12500c40172df90c5b7e5ad3e6bd921ea0f840f4f39fd8df3ff4c35051fffb8f	4010132824	40.10132824
1266dad5da1950d3ea78ad2f94e82186ca4642e1ee3a87da7156c17099372cc3	3952017330	39.52017330
127f0d9e3cc6e702732e6171dac9736bf4671db311e4442c0fa1c629bb675994	3999996637	39.99996637
12886e6df735e08e278b2f0f2ceeae5b0ad64709e4e6521461c66a2237c7e047	4039999832	40.39999832
12bf91ef86a63e45fbb3fba494a50b7fae17a09b37d2b3a6e8aac46f4ce41f70	4000320988	40.00320988
12e465a9d33a68ba31c834b932a5f81ea70e4a67765f71a9df15427407604e4b	3998300537	39.98300537
12f1848ca077d3ab684707386c8c0a40fdb192bf64f967ab98ea2fb462630e15	4008684692	40.08684692
12fe3ec3c298a22c218c5f7f06c2a8d7b9cf17101562dcf325d83b11734449c5	3999994000	39.99994000
130dd870a969dcd9ed7dc22d6576b69cf662545614039607a6a19b197e4e0dd3	4053110000	40.53110000
1321822dbada6640f705c98519e5f731125fc357d99561800daa7fb6a3464fac	3945507712	39.45507712
137e23b12639a96fd7fdc68d194fddac075bf3a4358d059ff0068622968f1e98	4024779947	40.24779947
13ac91f311cd933a5e78801164b16c3810a54ba710555b6ae24b92e841ff97c8	3999964763	39.99964763
13b0f2ba374996eebd67879b40ccc234e5182b66091cc40648d63de7eb5db236	3971581588	39.71581588
14107ea58c454cb5ed758e8a7e8a2f8c41f175ba3ee49364b63786a3d8577c69	3950976005	39.50976005
1413ec019c3061216a199468f3e108f3185232f2b2bc1305096e009e05187a5e	3999998215	39.99998215
14231215227c59aec7e23bc3cf07afebf90ece3009cc9a73803bffde9ba623b8	4000000000	40.00000000
14329ddfc7035aace519590a6b65c325345d5ab0bbf68d29098efe8294ad95db	3918662713	39.18662713
14735880e6c5dd1a68bc22a05c96eaa6e7a83a263b790a38a63b2b988912c8c5	3999987000	39.99987000
14f5e7c5917f279609fdf1686607c3344059e7685522adb1b1ff7ba608c24b60	4046000000	40.46000000
15080a9300f1df67c2100aa4439be657d49cdccc522d688e03b54f950ef6bed1	3938403847	39.38403847
1540e78233f8e4720d3a3a24f980072c99242d0b3d29165b607ef1edbcadd8d6	3999909468	39.99909468
1559c14b523b2f33c617ab254dc6c0cfbcd9f53e69e7ec4976ed5b357a42d787	3916603228	39.16603228
15635c219bafd9becab6646dd8a0ef81da7f498c84ce2ffe1cb0c8a547e312a5	4006780800	40.06780800
158c646b4497cae40622e68dd50ba2854cc5394c7cece7601774d24b08b67654	4000000546	40.00000546
1598a3529662607ee10b727c9e96808891dbb1d38c1476486f3192e50f71a09d	4060749533	40.60749533
16581103a9b3404cceaf6d33c8c84d56e1b5a104e382cebbf7d2969422a7f92f	3983221233	39.83221233
16afba564c748c5e578c258caccd45075dc7a436213c064faffb669aabbba962	3999900000	39.99900000
173643700dd97ed945c4adde826732734501f660a255fd90d98ac9d6f55335ef	3900030466	39.00030466
17c09c2ecd94e69eee6a89ec51784866bcd945174fcdca0dbfae7d5ecb4b394e	3994284269	39.94284269
17da39657066515404110b8b38e8a53d37b5bbf6df43333d86a12b421494283c	3940565742	39.40565742
1836c1cc52aa06bd14958efed22706d694af54e27bee8eb57e9bb00bf16df2ba	4020824993	40.20824993
184745aaae584147c0b244f75d4b2e68c40a995ea034efe819edd7ef6bc41ba4	3941608871	39.41608871
188a5cee0f4b5a226a7f0c6b7018a1e5e754336dd15d50a86ab66e2062b9a247	3957227025	39.57227025
18fa139dcdf8c839fd31ab036c2ddfb60a3049d2fa86efa743d0769be9aa7e1b	4099988775	40.99988775
192b6757d94136f9bfa3d04fe0becc9cc08d64ad4989a444b580f001fffc93c9	4010676393	40.10676393
19536f4210ff009546c86c1b7bbd668c291bef187c6f408644067ebae32101fa	4000000000	40.00000000
198d8091d04ca1b2c949a4b617a7fa6e64556c79874f950337fcfd682af81881	4099984212	40.99984212
19ca6dc3c1959da99317f71813e5defc3ddb2075752090f2a762ab4e9d799254	4000000000	40.00000000
19d23b198876cf0f3b5b64f80b3e94964437522b1611d04d09be2ab2d8ec3644	3999888000	39.99888000
19ed0b6854f31c6a6f0c73fca89fdc031c6dd481db35ec462762f6b33db5e7b2	4014905765	40.14905765
1a02ba2b3ef9c6ce20ff3dced7a42378b68cf0e14c5a46971962ee1b69900e6e	4000010000	40.00010000
1a4ae28d3664227291813a09fb4be7eb1604651cc3ef5a921323ae56b993fa13	3963417000	39.63417000
1a8d5fe6e87196fd637669c0db902d108a464f8880d5bed5ac1823dad122de0d	4000009000	40.00009000
1aab8c3cc279632dc7c7b19719c3f164e271ccdceef3bc2b0c28b1fa401fb228	3986270549	39.86270549
1ab97f07ea92cba069956ab7fedf18d348b8ac87ce653b173dc93a57d13d5ecf	4067261438	40.67261438
1b796d552ffff00fa650149196f9552167a151dca2a624be2751af159299b6b1	3967260662	39.67260662
1b8a7de97f737239bd55ab587b570c49dc60e0f9a22972c63de2be116eef3fb1	3957659311	39.57659311
1bb7f4c98bff635ef9aaa3f4497e8bf459113eace1778521e1f0a7e53ca6cfd9	4000323400	40.00323400
1bf16d785c75a08380626a7421efbc9e1a95afd88e359202bc562c3fa86346b5	4000742574	40.00742574
1c4b98feb4836f7fe7c9079bd4d9f0fcc0c204ffebf24d80af6a46a0b28f44f5	4000000000	40.00000000
1c9ec9b55d2eb39a812586bb0324bd665e91a4c08a399f3bc8eddb777727934d	3962714079	39.62714079
1cf7453752ff7ee7f4a5e635b8e0ac49a12215deba67f8dd42d7cb5179464274	3937647678	39.37647678
1de96ea743bc8420073f53f136b81a5b8039df4d7b6c4c6d8bf7bc7334611bad	4000000840	40.00000840
1df8781b3ff0350f2a56994504d84fbcebb6f302a58a69e6292d332a94ce840c	3917947439	39.17947439
1e432a65651b435cf3ea42b08634a2c30e20fec7d43f14f1d7219aa6074af6c3	4000000000	40.00000000
1e6230b8a94093e45e6f67396850d3abe5bf9e3acdf91cc0a3495e02fb9f8a30	4087041700	40.87041700
1e9b53dc570ed860d9f1815fb3d0c6d1fb191f93a6a955554128be8d9116b7a0	3926184923	39.26184923
1eaa15729435dc6351a8d999e7116570040be057747ed52162b2a5e559667479	3921748511	39.21748511
1f4ae7c821ec984cf23676974b029843db37b8ff592974a204f5c8ee9fb32774	4000000000	40.00000000
1fa14559f011b25e4d8d156fd7c52a840340731fd0528c05a77c83fd4143d67b	3920258655	39.20258655
1fcfaebe5633e9389c5e43de5cc9aee4af9533e6b389e8f07889647ced9a7e34	4046593200	40.46593200
2008ecefacca5dc6aab807d9644fe4169669680e65429b94d7414bbb54a84b17	4000000000	40.00000000
200f207d9e6dde4f23f70e94afc93b671523e4602c531de0dc504c7b5c17bb0a	4000122460	40.00122460
209783729442e5af8963b2c05c867ee7d90abcb22b5cd1b4d86baa4cf04461ce	4000000000	40.00000000
20aee6cce2c18c14f676657aac9bc3545c1c36974a5f2da379555c77f799ae6e	3999980500	39.99980500
20bda1b30680ebe86e9fecbf1dc0774bbd0a1b028d06d2c51b0375734422487d	3999998745	39.99998745
20c2da851955e504d8c2f2ad518e39af71dd401e55a2e0d2a74d2a085fb0751c	4000000000	40.00000000
20cdd858d623f723b31cde4fc59dbb3e23ec98f187264d003cb9b6a334efa5a5	4042216776	40.42216776
211d5898883dfe6957a02f7ef430b54a25b38608b77b149e4426362a1783a2bc	4009999957	40.09999957
21493f2d1a22a9a84d0aa8416b1b244a361a2fa28a54cf144791761a273fb23a	4000494056	40.00494056
2182556f5f570e2606786f38f180a67aaa9cddebc89509a918de28a1b68d55fe	4092595555	40.92595555
218870d2ff9de54f68a3ad2f68980d1be639b810475e980bcee4276f446bf9b5	4000000000	40.00000000
227634acb8ffc7e72193bba8ebc7da9b6cd7062fdbf1bf4ae8dbd94d83b7d81d	4000000000	40.00000000
22da6e55ce57f9a2031417883b5a6bc1ae9382071502f59ccbb42b3f8d36c741	4006916246	40.06916246
22fe5c3f1016969fccb0e6bb9078d57e457c021d37be1b31202f36144ff5de5a	4003999172	40.03999172
232e0103b209a1b1a80da72a685cf28aaa859055c3f71b4fc3bc3e82f4db67fb	4016951293	40.16951293
233b5afdbbe7d44ef478f6590ed3898ee62b4f9bcf2a433a3ad64f9badfc4a00	4069211744	40.69211744
23a3501c7c1346f8dd8ff1547d4e35207cd382943c8661ff11320f0f152e90cd	4099695700	40.99695700
23c5dd3b0f9b1f085bd1194434e5e971004c1109ca70bc9ee61e1d76354e7de6	4099080000	40.99080000
23d76ff2f7c15ba73bebbb1cfd8b9c288755ea0f2ab24280508322c11d22a040	3999977846	39.99977846
23f3af498668f9dcaeb9ac7b6a722eca8d3a5ecb4fa1572475a2323510aa7840	3920987926	39.20987926
2433f16e0fb1b0b218f29fb92d8a9e32f0da090b22b845767f0f153db66a959e	3987383458	39.87383458
24467f34f6ef14488293610fd9b56913fcfc6ee3dc67f61f373c9fa4a6fe1b2e	3957011380	39.57011380
24862cf5cd590c87766c277dd6ad93e803d706dbdd3adc631c75e935cb2d8ee6	4087422082	40.87422082
24961ac88a5c27349d42dd9635f346b23408326e4f948c06979eaa55089fa7cd	3962075000	39.62075000
252d56be1f54d2432037c2fb51f62993d9c379aac211e9c1aef953504be9eb0d	3905000000	39.05000000
254e75de3458022e066334c87bea054fde8cb88e11d1fdbb9634e207cc2079ac	3999999724	39.99999724
2582dc99df8e91c0d41619b8b62f26d647a05a85c55e16e07631e8b0a117c56c	4000006981	40.00006981
259ef38ef1581217797ab9def569c09eabfeef838768d7f513d7b574ad872f2c	4000000546	40.00000546
25e4b4e3ab5c7edd6100f8d7cde1a9f80e0fa655b24e33adb0c0aeb79adeb0d1	4000000000	40.00000000
25e9ca9971f3c202ae1e20e26095846672591c6bf8d69e00c944103948cf4944	3917620573	39.17620573
2644b1f1d95562bbd14135c837cad6643801669e78ec5e3b3c0a7719ecda5b28	4080207246	40.80207246
268cbd8f597e9358ff573965b4abf740163a48673b043406ed987edfb1d2a64f	3999996016	39.99996016
2699f526e59bfa6b584c4cfaa9675ba3c7596ec2dddaf956f88db121d01bc88c	3969999512	39.69999512
26bff1d47df4603edccc6cdda682b920a0e4f0721b94e05d341ecf4efd713d4e	4056832006	40.56832006
27727bdd91956438569802304a791c447ee20660c891ede04ece62757130b5ac	3999998681	39.99998681
279374d1fa71bafa702661dfe873d1b8e322ed23796a78000f3ad40f1bc13645	3914075351	39.14075351
279d5cb1b75f4286f4a56c7761cf0a5718fcf0cc8aa06caec2d1c179361cafff	3970150745	39.70150745
27a2cbb246df086151a61b8eabe0a45281f38ed4cfc6c87a20751175a86cdf53	4099995545	40.99995545
27dc4464ce99b491aa557ac8ceab395630bd24526f5d51d3c1cbe47b7efe24c1	4000000546	40.00000546
281a821c53e8f6eefed69aea569422c9cd5b5ed8e3d2defe2be2172d55f52203	4000000546	40.00000546
2831cf7da54ea20563dd83bb23217d12c1e2a28d77765acbb7bf2a84676aad80	3934475400	39.34475400
2834981d70dc14dde56bca2c2ffd0664252226dcfa91508642ab38d6637665f1	4063800000	40.63800000
28749145a2ee546677aa14f0cac92938dde94ff302311fc212cfbabdbf47bb93	3998069291	39.98069291
29153b0fa092370aebd508bcabe86f5c6998d4ecc7417d8f7b3a3cfad359f3a4	4000011885	40.00011885
2934f1e40b2afd381ed6ba8961b0e8739578866c73fda4e10115f10fbfdcb3bb	3949989232	39.49989232
298bd598fa08a0186ed649a3d4e90d2e2444d6d4cf5719db33bfc53f17620f91	4077669900	40.77669900
29c467ca3d2477b54a7ddfcc16c7efb1d057a97fae9da9f58090fe92ec92e1a1	4000000000	40.00000000
29fb642278ff2bf2a68fd5d4ed4d5b86622e3479edc044369cceec6dfd992876	4093421304	40.93421304
2a32cf2890cbb8ce9923a58390ef20bc011ec1b126a1d55a0140406501cf72ee	4000959300	40.00959300
2a5fb01930214a4311b9a52dc1bd44d13bfef21ea536afe0f3c1937df6f5d145	3957016534	39.57016534
2a88c19e3d84c5e12ea808a1eb50bfca6343ccb8b38dd576b40cb6610cce2888	3952420023	39.52420023
2ab5a7f52626c5127d331e50092d1249010636a725d573a4ecc612389843c268	4000476775	40.00476775
2ac1b933ad50d0213fa5aa79ab7ba427ce9663a01ab98649928713d541457678	3900000000	39.00000000
2ac2aa140ff7e71ad8dc2028c29cbcdd289ed93178fbb6b3aa600831c602d232	4024881333	40.24881333
2acd184edb1f9bda8a08b9bfb8b468fa70b83e1f832f95409eae252bb262346a	3986080778	39.86080778
2af0e78a5a76b9e47167669acf3435221b24696e6635eeec6a8b9ec5b447b7a0	3999257513	39.99257513
2b0f2755467ae08b1278313a724963eb6af588499120f33d193fd47739e159f2	3961674020	39.61674020
2b4198eb5f6a4ce9723ad12926556742909d6ce5fef23ec1dcfe8a7317152a5f	3999970000	39.99970000
2b53b48cfab1a2009a5c9694dd840febe2f5c6d5e3f764a0a6e9e3990700b90c	4000275400	40.00275400
2b55f2a700c5b995454313515b8880684a5c06630bcd860fd8fbb8bf9dcbc94d	3949980227	39.49980227
2b7a439dfcad3c8dd5e8663dfcbee2f5e2d0a2d961c42f82c119e8120b3283bd	3900000876	39.00000876
2b851b4440d3f330a5e551345e93a50508ccfa54135c2b3100bd3e5b33be294a	4036351415	40.36351415
2ba71bd35af25f6a5ddc4bedfd45cc5f41928485b9f2fe2453e9075215060a58	4000000000	40.00000000
2baa8055310603e887c53bb891fcf5f6b9098f5976bc74605ed99483093e3a09	4062392161	40.62392161
2bd05df0e2ccbee105d67b5e24f20702c7b8406b144f2bcee39cf7c4a2c30731	4041026572	40.41026572
2bd12c3652bbc1ab747ecb3310b7a59e1855866597d777781561ce2901bcbc49	4014742073	40.14742073
2bf1ad61e67a1d082b8e3400675962d20fb109d6212589c79f1af4d696117859	4000000000	40.00000000
2c42f1c429cbcbf396097a2e64a7d258dd0d0dee6edade8c713c1c7bb24832bc	4000000000	40.00000000
2c53ebcfe0c228ba78bb0cc0f0a398a521de0e79d4d667039dd4cde870293387	3999997000	39.99997000
2ce2f982f89b033ca63408c99a7f2be74e4ea6c3c4e5f02f28980947709a5001	4043309098	40.43309098
2cffad64c0c12705f4db82f17ca43215ac710f73e295c5c15caf9455fcb76788	4040151639	40.40151639
2debd23aa77c8b37ba2b2816d9a38e17b74cf830dfbbd12aa6cbe8752d754749	4056066582	40.56066582
2e11ad4425e5910afed446d943c3055b18ffd806eb12af0c2759b2c62cbfebb6	3963061473	39.63061473
2e189f5d97f5fa2a46632378d2916a18013df61cdd658e68a833238b5adb3f07	3999998700	39.99998700
2e34a84e9f4dff68622d803e0fe1b9b9f32916904ac1400e996135e14f2a8be1	3935605142	39.35605142
2e9797c74bc3023919f4f33fa5569592b656cd467ad64d8ebe83c414807b6772	3960631028	39.60631028
2ea5f3f285cff7e032849af2a870691d3ee4648bed76a709b7514b32d914880e	3975074055	39.75074055
2ec5091af0b97cbf35ad65791a97c600001b0f161167c9216f1a137fe187b379	4000982530	40.00982530
2f2d41f32fffc5db99123d9c9b14ceb14532eb08047824398751b97dedc0e9c1	4099693536	40.99693536
2f45b6f8e68ac905d0201a90b8932bf8c3b416e3f2312ae0b059791cac0331cf	4098156646	40.98156646
2f65e3ea875aff059eb2dd31a97cc8cff79606c40eb80d045b5473299378a253	4098129876	40.98129876
2f7a14b5b56c691e6dd0017541a58e790689c6d603547208c30cfafd7884f4df	4057316747	40.57316747
2f7c5f7be00247ec5bcee91fef9b2df7fce4c6f9cfd473d0f241f889f759aee6	3967989000	39.67989000
302fb61719365ea8c2d62f47debf14c4b61d004edfec6b7de6c9c30f134e367f	4000024134	40.00024134
308a5f840a8036634cf2e67b712c8a41f0df97dbeb473a1971d2200768b887f9	3991665577	39.91665577
3098b8f732bf864f4c2d828859f00c537b2572a865d0efc8c272eb8e4c63d21b	4000000000	40.00000000
30ab4bcfe218e869f3f12b1234d5600c9b68ad0698e5d454dca2abbcd9249830	4011890868	40.11890868
30d76256b5612ffbd7ba2d55d73a4c4fcfc0d0a26d13de112a393a052abf64aa	3942320000	39.42320000
30fd7d589ac105f1eb364e74d3a8611ba1bce35d05bbabe778138788071209b7	3921927000	39.21927000
31181278fe11bce8e38218595435de3d9579e52142a8cd77c06bd7de1137181b	3989989515	39.89989515
311f6ca405466032b14413b482934f6ea476b272650f50f6942a072ecc9e62c0	4044996000	40.44996000
3153b9536eb8c70e00ab7e4783a03f5a69c4edf7b46cfc61b5b926d98789b557	4046738452	40.46738452
31fd202d583f4516fa8667d0ce5dd7db70487bf7aaf70a457d472c2a12b9f810	4042018149	40.42018149
326b0eeff51486d98a040aedce29c61f7fd266625ad98c5bd3fa58506031199c	4000000000	40.00000000
32a6889d08f1145d89ac41e9997604cd334950cb56222e9cc272e65f49ee071f	4099728151	40.99728151
32ec996fb6d9c4ee493fdacc4d150f96f46074b5a5c250ec84153ee57ab8d3b7	4000000546	40.00000546
331c21cb94d6bcee496c03ffb0081475d1496778db971d544c8ed509b21fb787	4027458428	40.27458428
3338e7cab46743c79819833e0b34ad943cbdff48b1ce0e33824189f6503889cc	3996140640	39.96140640
33f283092110d297d106af73f4b593c3ce7479de927bcb05fb113e19510d7f0a	4051859462	40.51859462
3406dae1ba3d272c115aadf65fa8f96fa3b379190d0ae0101616d4f6690a4241	4091000000	40.91000000
34b5dab1625be4685250b8c4205095152ec6fdbd5586a793f2ef764c3edc7f21	3999991161	39.99991161
34f11dd24ab430f8ddf6228566390208bf51a3179e66809653d2a76f5bf3e367	3910000000	39.10000000
34fa3ae68ebcf3b361017b029b3f7efbe5d76f4585643afe25e4a2d009629c71	3900000000	39.00000000
351b34d3077ded35f1f23b9d592f305230397ee400eee59461294c87a9c15dd7	4097441000	40.97441000
35aacf574ebbfb07032a0621765c388dc8b4662e66536ee71e3a1551c32ed77e	3999986283	39.99986283
35c4922112677711515e9c8fefb23bfb842864a5e39c055a4d4ca159f1be3ccc	4002532772	40.02532772
35ce6ce39c65c165e1236c5d9f1db852a27f02502c30f75635e0d90811960fcb	3999990000	39.99990000
35e26f67b27d379cfbd7c210c1a61a3374a053eac269c83cd844875215846548	3982481255	39.82481255
3604430ee6fcce415deceba79825dd1c37c2c1859ff422f106cfb1887758db49	3999979552	39.99979552
365cc6598836ec812d431c2ac61c0d55c5a7ddfb2673b875574e6ef32edb643a	3900000000	39.00000000
3681923da1ce21bf545c75c5db091ba208df823aa4312d1530928666a0d46441	4099997610	40.99997610
36b542c5b7375566bce64cf3f85735f7aff34ccb9c286039768d6aa97f74a36b	4047895097	40.47895097
3732a94800e8d972943b9a223ec9ec0ae41e0fea5233308f20ba3c9d024e76a7	4086485000	40.86485000
3754808612f54226b8483690efffcbf2ad137c179c0f10048da63bc2616e81b3	3987579997	39.87579997
37921b6904f0625ef7cf12fd73774e3e32f89179dab2d30c69daee4483cfd89d	4000000000	40.00000000
37aa1c474363b54001e5d95c43715224f14ecbd71b6004eca0d9d03f6a592a13	3980000000	39.80000000
37fb8b5765112b7cf0376dbac140a9370c9c0368a36b09d72085a965406adb33	4000000000	40.00000000
3804981f6631c8bf453f4dc215e5917e5696b316790e1e7a4b15c26c94cb2c1d	4000541747	40.00541747
3839ab5c8c930fa4b57fa932ca1e162539fe36c4dc6aa1682d1484145c5296de	4000001876	40.00001876
3840b96ec8eb56bf53543e5e1eccabec40fca998ff65882d32a9cee22d7afe2c	4009902076	40.09902076
38ebfc65955a8402a36c7f9ce3d0faacd2a4ca94e1e5f7ae007253897d278c85	4013334064	40.13334064
3925b37496f08f3c94ab7958141879148c1fa370c499b6e103f467cc5705a8b3	4035471968	40.35471968
39470710eb91ea5bb458f1c429428fa6170e26b5eff9d1821bdf668ad8b4dea9	3999996361	39.99996361
39dc151ff7131ad1fa8dee4b885e1732af56eef29e154c801d447cdc1f4dfa59	3971769018	39.71769018
3a7a6e3b1d0aa973426dd2e61234ba20e3007f38ae3f5c1cd72ee4ddf1baf6a9	4095462470	40.95462470
3a8a6de13951d7a539e05c54b6c543f55f54a7124cd5dc45c340607a00f14f45	4000000546	40.00000546
3adfe0869dc1c230f059b801576268df82334072fb93532620a7f5c852b172c2	3991069546	39.91069546
3b3c2079a216c94611d35f7b6ff232eba032ce7f93f4b99cc61e178735dc92fb	3999960000	39.99960000
3c45207196ca8797963d686a06c12fd83cca9e4b9f482a77fbc26109e5be4084	4000030000	40.00030000
3c53d2fa2ae24731be5618cd62e77eaebfaea99e8a91411d9d7e7c74bdfe2ea7	4021942691	40.21942691
3cab95b0e5be109337eeec170a1ada308b1a9c5d45c7dc2c15ef985c0ac34517	4099997762	40.99997762
3cc8d9863a1549070fdc7c30c3b7fe3d829c71e3be2c1ce32115522d7385c22e	3949940200	39.49940200
3cfd24fc314685525f03475d202dd4e0f643974d681fdd369440dc1c44039d18	4010472865	40.10472865
3d07ca8337e5a9ff685f4048e7c55e36031f33dccb9bd48aed147e28035b953f	4000000000	40.00000000
3d44fec0b5bcafb41b5f558a3c2236c22d1a826e1fdb1799e6117838b3011255	3935893093	39.35893093
3e21f31b93d4155df510bb675e693cc9c2934c120f9b82a9c356b9475110afad	4048229622	40.48229622
3e601470ff05fe9197f463e454193184095e41374bcbcd78ad507a80cc3d25f1	4099990553	40.99990553
3e7422e479b71577c632c8fe7ca7719afd23f9f0f3c21458ad6691d4f3f0c89d	4032589509	40.32589509
3e9e8480cbe130bdd367c5343ff0c4007490f442ddfe29fd1e5a5b6c4625eaf7	3944476794	39.44476794
3eab894c8259ab7c10c82d8616ddbf138a63719c5e36bf6eb7eb82f40257d370	4000000000	40.00000000
3ed6c328f1168ec850317dead161b9bd4e26686773478f711c44ff1779bc2e01	4089460464	40.89460464
3f1faf18c1b4f384ba9e22938fcfe74416e9ac62e77587a854ebe26d76f97406	3901485627	39.01485627
3f67fb33408b4edee6dc7aba28b7405bd00f20f3bd38e4b045cec3b62d71e725	3998443319	39.98443319
3f77699b071be5f316e8d11d10195085c89cd392bec99e1565e5af14d432fba9	3999407127	39.99407127
3fd48b4fb1325d27db5858d287c2c4a833106bc1b9c75c7a005b700f708cfadf	4000000000	40.00000000
3fe908b0bdff17cfdbcef361c4996d5950ce2f82a81927b06f6a2c866b5679be	4000000876	40.00000876
408f1ce0ce342182463b65c9abee74ff44bb8359e38a25a3a3f47c1cf8168f86	3999786085	39.99786085
40cfa4c95c87e61e29a808233618fbb8331df3ffc6abb324d22eb2f032c2e19d	3952679981	39.52679981
41c77216b05ebbcce73eb9303307671d04da70ba76fb523d26c2bcaf241b28a1	4049377823	40.49377823
420512344315b33961a56959d5e3d816d0a00daf21f9337f455dd75dc449f78e	3959585508	39.59585508
4270aa4e90eeea668b855a9a874f92e62bbe565ee7d568a11025b7e53c86589f	4013760876	40.13760876
42d4e71e7e3271cf05d52e160e9ce8fef1f2fbdf3b9213b814d3dbc16a13054f	3959895682	39.59895682
42dcc5c30617d123453d587ded4fdc9ead427cdd8323482dbcfcfce18438f105	4000931358	40.00931358
4360d6b7478e6a56a487df17b19d27cf552109248bbaaa17edc1038bbde419b3	4000000000	40.00000000
439364cb28a74e2c01f86e96a29ffda245ae4d8d877764bcfa234e8856e3c302	3900750554	39.00750554
4394fe4250ae535c46e85e3661076dbaac4a85b51a639cffe09363ef37b53fa5	4041550000	40.41550000
43c8b71aaf9ae8d137ac2a57848869bcbfcf7c565c98f4750009e1b60b00cec7	4000000240	40.00000240
43fb0089834fd03546dbc8c05826b9ae8cb75c63375907e074525d29aee3e65f	3988896836	39.88896836
447825e84e5c69f295b36d4a59a8e06ea4be6e9347ab1edc87deb07ad258906d	4000000000	40.00000000
44a3d017aad2d71749d3e8fccb4d98afd72214b081dcef5d9b134d18a98cd81d	4000000000	40.00000000
44bec7d18f39f67a8a5469bee173d87d0ce37fe8d4d490995f7adc62b6f4e845	4001458830	40.01458830
451d567f41adb8cc9b296ecacc21923f478fb2be6ca346497fd863d6151610f7	3999996003	39.99996003
455ce77bca54682707a442df8b4df3db56e29b8c1867b531f3d0a7190be3bceb	3917858047	39.17858047
459e9eb3c4bcb3397ef7c9207d586dd23b9165354c63446f8a62e608f1e0c8b7	4000000000	40.00000000
45cb71d647bb5a7d03152ad4cb6c507ad59c4f80b5aa330d1e2ee5dbf4d62cab	3999997000	39.99997000
464008a9a2a9aa3db6e8f53fdbfae1721f332b82b4b3338984c521af0b5f8471	4014987096	40.14987096
46c54be14edeb5ef8e09d6860ef1c268b0490f5e6da04dd75bfc54a5d41c0ca5	4000010000	40.00010000
46e7f5bab4ad93f2770df6d9922b893bcbb162e621bdc6a00c7217c657293ccf	3923376553	39.23376553
473b678fa8846b9011a0cfb3e49b2dc952bb75c86c8f7938353d9f7779192da2	4089960854	40.89960854
474740cb88dddaf996fd4b206575844edf85592aad4a1916445298f43f545ef6	4000000000	40.00000000
47a9dfe1e7a86d3cfbbad6e6e38c0245febb9741cab3222b42a6ca496aa56b7f	4000000000	40.00000000
47f03bb10292a836425ab02114928ef5918c0253c323c3d19ac699abe6db8fca	3950000000	39.50000000
4829c54098a3286fdc6d1f0d84075eafc9ba8a6525cdd4343428f03a5729f1fe	3999941846	39.99941846
482b315dda1ba862b3ddb665c10a6ba1dfea62e04ce73fee90d7a92997299953	4010258000	40.10258000
4835da75101f5d4e69e4610a9f04c33572c3f1248647b8e80134eead345e6e8e	4000000000	40.00000000
48625ce5ff89573c2f6af5f4a9d3685b3eb7d19038f185d7c3dc17e016aea87a	3999997957	39.99997957
48b03c53ba248300a3ea53962b1df2ad01a7176d22fbfc4ddbf103f56bf2715b	4072960000	40.72960000
48c773ab8d9910f9f54b6835705cd334ddf8cce55666742ccb0727ac89f317d4	4000000000	40.00000000
48e15276d6b75b991c51397959e31afa78e506e627c369582f32749e80ac15ad	3983880564	39.83880564
4938af5a421eaa6b780daf099446e62a0fa93003b5f076c204e5431406e45b04	4059867402	40.59867402
498c67fe33a36c0a8dfa64d60fcd3ff97592a7e5f6ff2c941d113f8f257f18b7	4089637933	40.89637933
49ed3b3a6460319aaa93ab7e96a6c308df37bd663c8326096830de1ebf4f3436	4000000000	40.00000000
4a226d0cd6eb8d72d06d4808fba768721765e75e89b26af6cccc7e56ff42ce69	3990407478	39.90407478
4a6475b958098d3d2838e68553e0165dfe499a5dbcf130166214ae91190f4274	3950000000	39.50000000
4aa59feabdf669e708681004ab0a31d692878335ff82044939b7a58a40791176	4000000876	40.00000876
4adec7f595caf7e9b4d74b6768c378081cfd02c563fc9017f3111ea7ea3bd5df	3936272127	39.36272127
4aee5bd6d16f95c9c081008838f42f0056d9cd8f55a54152cf7188cd0cd9dcc6	4000000321	40.00000321
4b2cecb253ef3c00b38f777a198215530eb178004b1343f1d816fce9fc584b9f	3999599442	39.99599442
4b868f499170dab599e5a649fefe37288af954776714bb683ec5ab258029968b	4000005163	40.00005163
4be35202bab0597fed0c00941e1c859eb3e8ab79d230326252571d7cc9c03a8c	3992517582	39.92517582
4c152f972df62c72accf201d050ce53fd0db7d2ebbe20aadaf2081c90761dd42	3977133411	39.77133411
4c452fb9c88f9011caed4868dcf430abdc3b28bf7662d91bcf68c3ed943eec63	4000000000	40.00000000
4c5172dfc14289c5b785673b7973c896af9feb27ca075e3ea8d54bc877a46fd6	3999927392	39.99927392
4c532d1eb70041801101f17d0184436f8a67225a2433506bd975a9f6f53164e8	4099080000	40.99080000
4c65e2e7afbb2be0cd9fea9a630d16bd31279f2ea881051d6290b27b540352d3	4000001146	40.00001146
4d887d9e12c5f37251352205eca938944a58f3371351bc2996e022e66fc384e3	3906406371	39.06406371
4dce81cd426d8546cb58f3254aa6f82ffaa0eade914ada3ebe1647403866f5a5	3916076553	39.16076553
4e0125d80dc55399f0a5a36681dafe485343d27c1590d2e1fe5f287a1258c267	3999954718	39.99954718
4e33943d767ce187e1c317881f3dd3bd50474718abf43b8c44b996220792b060	3932194920	39.32194920
4ec15259dc3e2d14a09c9bae1a17fea98389e171c0bf7bcfc67c23d0363788e8	3909985200	39.09985200
4f155ac97c4b2bf4e35e4ecd1be3e57dd1909cdb7a677c9ad9df39818d427de4	4026212369	40.26212369
4f3e1bb7abd8a80b8d372bde56d81bc183dba89b1285db8b968b00cc0a799b35	4000000000	40.00000000
4f70e983a8ee86173c2c7205f9eb2fce45bd934e7fc5184ce59d2fe962040010	3956533867	39.56533867
4f76608da63ba860174f70f34433f79aadcb95673a9e2a77103b1648992b703b	4026372868	40.26372868
4f7f5e5a150fb88732fde011adf225f01c2553dba517202bd83bb37ed28e96af	3904367069	39.04367069
4fa7558bf0563483dd8a1ade60e03b535a419d008e0ab27a6410ebacb20ce455	4000000546	40.00000546
4fac67dc7f881592f2a0df713402daa43bf4600a356aa90330b01d0ea5cba13f	3985997074	39.85997074
4fb6cbbcea24e85e12b147ac4529ed873bc74c8a579efebb0c606b24732190d3	4009445820	40.09445820
4fd955860fd1840a720d0b2f1001c0ddc772162a4e99228d9986f090202c0d4f	3999974508	39.99974508
4feef0cb8890154158a5a6d37a990adcfda452d7851640d4bc324591baced395	4077850146	40.77850146
4ff83b5f99b21f592ed8e807ff8b9620fdbbe83d923ecc0c24f85151bf70197a	3931257757	39.31257757
4ffb0fae84417bcd875c801a019d06b49b1a5ee8883c7754f6fb12327da4f4a9	3999998438	39.99998438
503d82a1c7c144f315a943dede1d926a98f2a50fe4b147c98f7e30c9e057f029	4034382101	40.34382101
5099e5133a06555c514c58c322e2be7ebabefda18d3b5dd2454e0ebcf6bdc47d	3914819000	39.14819000
50c6203f38b1a7e7a3d47a3c17077856030c08d1b6aa8c31800db538371faed1	4000001716	40.00001716
50c6be449e133669cbd1f7b4023229b481d888368171937ca99da949a3cf90d8	4094651100	40.94651100
515d01e9355f5a330c91ae8a05f296646ecf6877e368e02255370fe7e807534f	3999996026	39.99996026
51935f8f71bd9a0fb904a6afb7679bde377850e37c9336eba1f3cc36f309c5e7	4039898000	40.39898000
521c2305cc8d284a1701906aa6945de035b011a40428049547e4aa5533cd835d	3999678192	39.99678192
52ea450293cc23be82fb5eedfb7958f885f03f90a58dbec1ebdaacb78351ed7d	3943889275	39.43889275
5315cdc1ef3a498f827907b2be2c32acbc84dd6c7bf5776b47c783d96945ad6b	4099995629	40.99995629
5357fd48c1201f6ebb06d65609cde70593fccd0343c2a8f915177d32b64cd42a	4000000000	40.00000000
535be139a57dbb6c348375e98f33ecc8927e6cf93132a84c1b0dcb6437d26149	4100000000	41.00000000
544add3fed8863c804d4f3b4e921d144cc4fb89b2f51f2a37a9310dfc28a0936	3999997984	39.99997984
5593fe11d5d1d96649792333d3b02afc016202227622403e5f44ce37bf263991	3900000000	39.00000000
55af3bcb647248277d353b5094703188777c6264289c08df076a7b059779d956	4085442699	40.85442699
55c248b1c98300164e1ccd8c6974ee5f02dc8c8e67a9e5dc531b105654a7901e	4000000000	40.00000000
55f6dc2289ecef1b97adfb7070cde334e37d5f795f16e73d825a67969a6aa352	4033236591	40.33236591
563d7184aed3206532055a3949cfa9e8f6bee3c5b2064a86f999460bf7781df3	3964468300	39.64468300
57408c694913a890e99d2ba6a44dd541fe23a2e4dd4a0e1573b5d79658badd70	4000026181	40.00026181
575499e914dcef396c8ed092b1c634eb6dc8c8dda74c443b1614636397b21df4	4007538100	40.07538100
5767d98b37272c9c62623604e0bc9e83fcbda3482cfb96e354f2427c62a851e8	3997425658	39.97425658
57777957c7bdba6deb6935d7ee5040a3015577c89605dcabe2c081afe1e80f23	4093036166	40.93036166
57ef76b2752b78c60f5a6cbe57285952266596caf70fb399a4cad599d8a9a2ae	3935283911	39.35283911
580da5943caf0b15fa3503a21fea2cb40bfccfa17170b7d8e9d76ab15bf6eed3	3999998880	39.99998880
583ae8919cc28476c2469e11f66b44ba23a38eba69360e1ee85c811929078ed2	3954323183	39.54323183
58e5e9581ff6830433c4ea7f8ad0a5c09fa8adb1a4680f3f8bcf4d5d7c4c6e4f	4075343000	40.75343000
59bfb88cff5421ff378959139334b024508043f52c61640083ce78649c71ccc7	4051292062	40.51292062
59f26e53aba79b24788ab2b82677f73cc921d028dea1a95dd3dd5c8de93fab33	3964490323	39.64490323
5a8989323c4090583a409590754a96fdccef30ca51d81a9c4afef99a2f283efc	4082491810	40.82491810
5a98d572ed882dda1f19b386e61a3afaca665b462a5823c89a5c37ac2f9b332a	4000000000	40.00000000
5ac3fe16dab3ea9f4fc82d5f322abe86f2028b9f9a2ac589237a21ad25ea635f	4000056183	40.00056183
5b5ac439fb34395025e87bf957973fe7ad0299dc8ed290f0cfe924ce826d7e98	3999968000	39.99968000
5b9053f8924b912dbc78dc46f764ca0286a19ca0d585a581dfb29eebd1abaac6	4044498834	40.44498834
5bb61f986f15fa66918cb71b06560f610cf1176d56952a094a3f3b92706bc682	4036019846	40.36019846
5bc6e0716760a94ec045c8e7bdc94ae399d24a52cf0a37f8229c076ab4750a59	3900899856	39.00899856
5be128b512ef16e20356d6fb3acdef590a92ce8c3b0363197cacc0007e041ea7	4059070365	40.59070365
5c158c8cf82904e3be6dd4734155b7a606825be898a1ff0c4e83967710ea0a0f	3999998823	39.99998823
5c1cc0a5309c9bbf4c7060694fcbdc625132753713c38f125b434b69cd69d4ad	3996406720	39.96406720
5c49bfdcfc9696a1781ec61543e6862e4e30c5a88c586adc75e5bcd2cf9461fb	4096488041	40.96488041
5ce9584a20a34e12cb536a0cdfecf1c9bc2edba95ad4c00387faf2a279cfd365	4000000000	40.00000000
5d24e886191f71ad3d7b0033b7d16263a56c695e6f80b5661711c74a33b31955	3949168481	39.49168481
5d2f4869fa284246bc1a999abf41d5d927588d89abe2d91c3249ed9e51c595dc	3932852504	39.32852504
5d701163a7797d672c4c26503bb6ad66258418291db430e8e2e703143db4ba35	4097435400	40.97435400
5d7582f2dedd2b19f79e8cfa07395540f4b22d15ba902051b3af1b556e31895c	4028817551	40.28817551
5e20ef5eb84250f531cd94e5fb54300236b138a4adc66fe91cc28d8581249cad	3900000546	39.00000546
5e65567dc63e5a8f584df0d03dab824eb3555d06d1277c2c7c0248f6027ac62e	4066927940	40.66927940
5e8ffac109ff5f7317f65fa0f051624b220832d1770cf948b90292980095c96a	3999995499	39.99995499
5ea59def525664e196929d3fc74f7fe1ab39d59c3368f021532c47f776c52c6e	3928722318	39.28722318
5ef4ce656422deb147e8fe191049ea4d572f93bdf24af38d0a89ef31aad9c90b	3949212734	39.49212734
5ef505b26113b6e97527b0c9d202a1e4247f5199727bb93785e7d0ec07cd8b78	3999945000	39.99945000
5f2309aa988451c54b06b5d0df68bc67fd55ec2dbe802ec386904f104e5a13ce	4000000000	40.00000000
5f3ba1a87bdbd43e405ba27cf48d385b58cbb666cc049bc95122eed685524163	3989985000	39.89985000
5f61a7257b339bed3d546d0ab35116388bb38cf15424a07d05367e71dd049535	4000000546	40.00000546
5fa2dac065752eb3422654679ad41a93199812315ab3cf3b272ec14e7ac26e3e	3942540542	39.42540542
602ad23b05d84f66cc9500e1339613616b74046189238eb58d2b4d0cd03c0727	3981858174	39.81858174
60505990bae809a4fc13624f7b2a3b9636e79ff87f8a8827c9502d05692029dd	4000921690	40.00921690
60af01ea46a592b364853c7b3dc9aa479f3a479e3ee00cfed6c07871724d06a1	4057369764	40.57369764
60cad81870f490cb9f99724521c5d4ca6fe56be2f6a17922500aaebd6bd20d15	4099938420	40.99938420
60cba6c32f38887dbf549d50e0ace7f9c14606e29ad2fbbbfc94b3e13dea1694	4001467533	40.01467533
60ced22c91041e910219b6318ba3494325c239f0b83470c37c5bdeb059f4b413	4040045662	40.40045662
60de34121059f2ce0c3ce6537d4ad82b2830587fae0972c9f1d83c3a047dee0c	4086074818	40.86074818
60e4efdb0d2f8082048e6d02c04c185d66725ebeca0162e15ab8ad3ecc50fa4d	3925177462	39.25177462
60e71c8403ba31dc0924496c3dd7eeaffdf84398ac69d6b7b134730af09fc014	4051300000	40.51300000
6116b4956980d0069b86ec096b42f1b8e6e1f2e73c6b45fefe5b98b7df2392aa	3992337368	39.92337368
611a09dc7befcdee9b56586bc56028647be550692d2523257d4d03a8b1db5c98	4000424588	40.00424588
61353726bd990cc09147d3673a95e0a07d9a65643a9c48afb8b70b1edf6be900	4064861627	40.64861627
613c6794d9a65b168e2b3625de31bd7b985ff39277dc3dc83aebd5a4c596f41c	4100000000	41.00000000
613f44f1138fefea2f99472f5026786b52f3b4334f9fca5afaa52310354336a8	4008930048	40.08930048
614949a4b08e2548e91964e4020d343050501843ad77157dd210f3028a75956f	3982129040	39.82129040
61b9a398130704a7d523f7619373aef832ddac0bca8d6e0c4bdd997bd7ec9b15	3959833000	39.59833000
61ef88dc596aae8b2b54e3eca7f13137b0376435b4fc2dc7515bf70461ff8664	3999996361	39.99996361
620521ec2f04fec40132d66a84779e62cfd050bba53db07920a857882b96db00	4001010000	40.01010000
620d0684af897bab81908c6f942e34b146fab849bb550dc57c821e443b835c75	4000000000	40.00000000
622de675efc1e0ac219110f9cf7e5737251814b335dfabc38098ab81a043737d	4099898146	40.99898146
627a77a57acc1d154a2cc53a20dd63d7c213d153dc2185a61ffbbdafd407b8f4	3967188346	39.67188346
6297273d187d972baacb524b9e197a208d474ccba1446f8d73df9a069bca7660	4034000000	40.34000000
62efd89dc38a063bf33436a9970efb1463d6d9030ffe9f2835dd261c0ee998b1	3999988223	39.99988223
62f379ab861994686eba46dc269b515460f58b4f3e59cdb1479aa8d0f50d9aaf	3999996361	39.99996361
63884fb9a1fcd2187a74ac27931e6481282a06f1fa2d70ab345ea4a199676954	4000889082	40.00889082
63f520157ef39bbddd2410fc713fd40d22399153f1d4e6f2d9e9ea0bd41beec1	3944798469	39.44798469
647070e2b168627888c561e87c4911f0da9a50b87faf0a7deb48280fcf96f11c	3958118983	39.58118983
6483b8a843cc08cbede7d5a2ecee8ce8ff812d9ddfbd9ccad34ade2eb1f246f7	3999883900	39.99883900
64a097686e637cf9373b841c36030f7b333892a3e22c57743112137fca9195d0	3919352034	39.19352034
65435d515fc97722788108c108c4f11cab1b37247f53d072554345e8f521aa12	3999994647	39.99994647
6555020ce94053b8f006c8a83c8f1fc34c4315766df76d0959a3e93313ce9591	4001997462	40.01997462
65a7ff0a6325caf1aa79c6f6ae030efcb1bf22aa858eb06fca4be4a55e31e140	3902471400	39.02471400
65be51595a6fac0ffc3b8e1014377155cbe90d362b43f172d7ce81c975f9b3ef	4000983219	40.00983219
65d838ceab3810372304faabd2f7514d27a089cf1ec36487c342337fa6db77bb	3993695952	39.93695952
65d92e480e5a6f361743fa96902b500f8218e2722b8c3c5ce402b2b1338739b7	3999998667	39.99998667
66b0138907b15fc7907a2966d486be3f60bf8ff82743bd5539f6fdc2db34df35	4087836373	40.87836373
672c612dbdef9cd2ef1b8fd43134069a22b54c467f1f35c25f98c203c6aa1029	4000793803	40.00793803
679cccf5b119efa7f59438f6f0a898c346a12d0b85b3628e0e75ec202f5393a2	3946301577	39.46301577
67a49236ef3406439cd8541e26ca3f71e4fbb451fff5fb64b204d606aaf89534	3924342800	39.24342800
67e2cec9b605b2dc67a0a6a5d5adb9979c83a9cac74c9d2c55451936c4a9e232	4000618681	40.00618681
68a8b65b4759fc2907a426bd6bd9e2527eddf9d902215113310c15789b7119cc	3938611785	39.38611785
68adf185ee2da39f4616185ebb907f337cd861bc9a138cb1a1c991b4e344f5dd	3943593755	39.43593755
691d5cc7aa4515cdbb12607a3d37c19602d70d3042f3d55f4b34b23fb8a5d817	3999877866	39.99877866
69affba6779807b6d85014a3ee4d2b9a2ce69ca74c9e536949b070e14a2d0705	3993312303	39.93312303
6a041ee0695c69788d20ee38de1b3f6d427a7d90c3756464a4edaae5c55fdf33	3950743688	39.50743688
6a3aedf5c9a4f5fd456e7acb11a660f6e638aafd8eaa799fec2642bb064c91c4	3907320354	39.07320354
6aea2f02f68119148a3a3277738cd40d4eac0fe3cf6b8575fb4cd7bc7401231d	3996301114	39.96301114
6b89ef2a35cc50b632b8ef122978bd030517fd3f2a3f0b33db62b7b10d624a6b	3999999831	39.99999831
6bc494f26710c038f2d4b19a2401bf1db3b0b0be13cf1d0aee304ceca1532fbd	3946466871	39.46466871
6bc6e627dfe4f4c1fce7eb7154d09f1eb0208b2f4ff4c8100ef3e76c154a3020	3999998502	39.99998502
6c620fd03f46f96a2163371c4d66df0b7ead9f3117a89f540644c33394f19828	3906707544	39.06707544
6cc314cab8db2f25aeabdd25dcd5639dd41aabdfbbf7ad5a3240b30ac9e737aa	3999994546	39.99994546
6cf6a883e99bef37a28fb901b6819e7d8de699d24be308dba527fd1eebffe8c2	4064100000	40.64100000
6d024d00b6b944843affdf78956b07bbe9c816b880c5a2ecb4b54f3cae6abbed	4046634078	40.46634078
6d552cf538b63626ad8865e92375cbeb6000d9974d08bb706999a90d6fd52402	4095081765	40.95081765
6e674b83434d9c4ca4477ef2365409a49b5ed7d20fda8b5103f59be25fcef2b8	4010000000	40.10000000
6e8c1b898f08409269ce4efb70a5ce428cc176be6f7f273d5f0002380783df7d	3997674657	39.97674657
6eab66a102cba4acd9d0e7a46ce2c9bf6873aaa1d9396a802b74d231ec3cd76f	4010000000	40.10000000
6eb128e00bdd8172aadb1ed39319594f2c302db1e52c09530a67753f8534a07f	3902332015	39.02332015
6f1e299f14770967ecd82c90730ba8462ed24bbaffee266e11e6735db75cf36d	3949950947	39.49950947
6f6117fba5b49ea575b4f0b7554dcbd56cf92688949c8e37ce4f2b0f8a998837	4091818930	40.91818930
6fa39524a9d3bfbabb9cbb49b79f8410b574f83121bd0769b4fc55456746dad5	4000000000	40.00000000
6ffc0c14ea6497696ac3045832dc798b07bfa8c7950758da2c9d105bed268a2e	3999966979	39.99966979
7049c4864c77ea9d000cd1fab983e4aa25db02f9421a7a3f17afb41346b76060	3967031441	39.67031441
7166a91439e65f655e6d91b33d9e378fb8c1de6a8aec9e02a077a222a9766413	4076314039	40.76314039
71affb6830ca32f9053667f5199fd8916876e8da3115840e8b9f9434944bbfae	3963761600	39.63761600
7221334be56bd452210d1b969c59cbb467fde221e924ce90cf2041a0e1481505	3979981905	39.79981905
723fc9de6815db1be56154d40a3027310a1e9c333c8875b309c4b709f54520b4	3993148921	39.93148921
728088bab1b18c73cbce59139811fad2d5fdef9024042f637fe83aed59079f92	4010000000	40.10000000
72c615a14518fd2a6f293181642cd60bc825f6f51a4ae4bdf414d0e63d5da01d	3981508278	39.81508278
72e9b94f444668de7da10470d236060ab1af7ac419369baf73635d5e89d6fe74	4000781481	40.00781481
7380ecb8c533291045bb8117dc7608ba0fb94de29b9c60bc583a7e6bd2379514	3918472318	39.18472318
738acb4d2be3c7508bfe4c70d101bc8f213ff69397ba6a0bfdd5f3374536d50f	4005839061	40.05839061
739423b2214087e7b0db173a241d0b56df4ff24a01ce8d7d52f521dce71928a3	4029106399	40.29106399
739a3f3678ddd49601bac9e18796773379edf1476211a3eed066b47afe188fc4	4000000000	40.00000000
758755ba2ab31b0a1cc16b0fd85bacf9b20441f84a1a5c261c692ed4a2c59a5c	3999996815	39.99996815
7590a28f8ea6c7a1f675b78177828eeba07b7abb2d6c4b9582437b72df503a2e	4013425326	40.13425326
75e655c2f1d63a4ea99eeb4db78b393dc236475247bbaefdccec3b7d61e24a38	3999999124	39.99999124
761a08301b1b74d52a56bb786c1b148c6349c13b83ce2ccafa19381b7a90714b	4014248317	40.14248317
764584c39822e36d0d4ef77d1a0a1738145b28f626324002fda3c0947c2af40f	3998998447	39.98998447
765b9041b56463617f02a2e4bbe59cc53ae539fab043bf3f29009d1073dee744	3999997000	39.99997000
767cffdc1899f19145f29264b7950613a02586262dc19fcb47cd1ef5911973c4	3978975333	39.78975333
768fbb814b922ed74ecdced1e8ceb2e5591c2d356404fac27e323c79432394ee	3990903931	39.90903931
76dc931af210efa5c08fbbbb663a9dfad7189954deb1c30ec70292240d7e7ec9	3900000000	39.00000000
7718db5502b20905620a21ba3c2a9a217c595aaa28a586a82af8e2a94541979d	3999794504	39.99794504
77ca55782cf8c398cc4207fc92a10f59f6b93af8e7b7270e30aaf67d718a3606	4000000546	40.00000546
7845bb7f48567d828653a7d65a3e302bf5585630e542c3b9fd69e187d2786ea3	4003953045	40.03953045
786dea579b70a4973c4fa4adc5966470f819a2363a01899a9b06e518c951ae99	4000223005	40.00223005
788d807774d36e7483d39647c4931b8ff23b02aa7c3b0fe1797eb2c62bff2f32	4000076800	40.00076800
78b99cf985142f4173408d11e4c101c8e9353a2b49acd6d9206bb9f6005cc5f2	3927853979	39.27853979
78d209f471336e4c90f77e43019ea2c95769661446c68667bb6c8b45cd745e4f	4000000609	40.00000609
79080872b563bf66914b2598e70c43f1aea070fd1f75f4f435073a7aba03a957	3992301362	39.92301362
79167a2a133adb0a1c5db98a0891f1949c32c9f49fd6e77e952da2485b0c6076	3900106393	39.00106393
79521fa52fece13de330c3a5fa7b9d1c7710895be469c8a1a83b9b8e27d903a0	4000701574	40.00701574
795b4e119bb1173b13827e5eee6bb2103b11e1391cf187e83e8a4bea0ae440c0	3928652558	39.28652558
795fea71fec2e234cd9971118696c13ccb43663276e114fa403fff34d8d927df	4000000000	40.00000000
7961ac1be24bdf42ce05a8b775496a9215525555f5001f3cda8b47dcc439ec4c	3999990040	39.99990040
79bc6404220549265fa1a3a61f6e3f38e38dc0b9bb4309250bb5e3f3199a7dac	4000119745	40.00119745
79c660e26d1583433acf9fae49fe9af85a47fb951389958c87b9cfffb5544857	3929059061	39.29059061
79f95c3e0538ab33bd2aba6843c2924dadc78871f454effa7b1f0b6a308ad72e	3999267981	39.99267981
7a1fc035d215ffe326784e0764b033523122b59cf7db46405cf34ddc5ece7ed1	4000000000	40.00000000
7a41bd6ee86c0bcbec584c38b9caaacc641c00014647349fd1bd78161957854f	4099987816	40.99987816
7a7e110f646ff1f68356120e91f1fe74f0b703547205831c3e4a4a5a6268ea33	3967178597	39.67178597
7aa6b1c1a9a9adc1f0b80862ae32154f8655ebb45624d96633ce5ab32e0c86ee	4091977198	40.91977198
7aac5ccc3bde506e0651f08d5fdc66264e7cd30135aef75bc18b42f3964471db	4039521833	40.39521833
7aeaa15f54710b04819e442c3b6c0de33454ca0a95a5b3f266680a56668bf97b	4099999104	40.99999104
7b2fcc0535130f609980d61240246991f20d39c59662482065b72eca1a4490b6	4055941315	40.55941315
7b7349353e35dc5af23dc09cbbac27b916611421c5e0038ce3c6130618cb47e2	3949400000	39.49400000
7ba364585ad286eaa4c1fe9b20fc1aa6b64eb1732a079b8b9eabe643149fc5b2	3957133418	39.57133418
7be0239b85ae6c3e98fe468198ebeb8a0ca10061e6fbc2c79caddd862300f221	3990998407	39.90998407
7be697134ae6d6442dd409a516af6d20a414eed03eb98b84b0d29845a737b7cf	3990762839	39.90762839
7bf464799ed53aae7a8e23ce31732a73161fef4402ea65f4599fbf6fa0da5adf	4000000000	40.00000000
7c15a2f81e1ba12ba6919d39229bbe0b12dfad2df6fe0916787dcd733c5b849f	3923343907	39.23343907
7c1ea48a0186c5680420ca9c22a193449fd40f85d345b1a73a610cfa4583e7ac	4078631306	40.78631306
7c3f026842b0bb0f5eb486351b5b10b5f5ed7846ea1ccec7f335bb12bf4b075e	4032650492	40.32650492
7c8742a18484b92312e17b17688e86716033054b761c229cd9730d59f5366031	4000022178	40.00022178
7c9dcbc6f79eeb78f4c514d0fc8aac561a07082c2222a52a138c4ca8cd0f341a	4075382484	40.75382484
7d26be90b38c1479815963d6580cd84db70295a7c239dc75c1e2c8d4013fb0c4	3999856940	39.99856940
7d95517048332e4a5667f578ce25c56d4294e3092e07e5c789672f470ef32d95	4070710000	40.70710000
7dd2cfe21683e3ddf2dd2dea9ad7ac9d2720a32e31189fa3b389b33f20201de5	4005114023	40.05114023
7dd86f6199e512be5c20660dbad07a50788406ac18b9c96381f8dcce9bca4990	3999989515	39.99989515
7e0b7ade53feb9da5fce2104c440e393bc2c908be6379efd81695f8080ba1ea5	3938514757	39.38514757
7e1496801fd5d1d25a1c0d3fff64100deb611a882ac231ee7fbfb580e323691a	4000000000	40.00000000
7e16c5c8e5b17ff097769152f410b66b6209c1ff0854456988dc0a411816dddf	4011662779	40.11662779
7e32f87f07fda7a9f36282fcaca707831a8cdc720b931c37a6246ec93874ef56	3987318165	39.87318165
7eb9383289c6bc6c15654185df81905264e264be5f7f831b6397beb0113847ec	4001222845	40.01222845
7efd3303372a5c737f6ac3ea9513e07853a5d5519a964fbb9675afb7002c28af	3999997810	39.99997810
7f0006015ddfa8ee5ffa8e0674d077e9f84bfa42c94a4a64997b8c18cfb1b5a9	3999998808	39.99998808
7f2c1b89b6e01a57400632f589cb84fb3a2a956c72c3a364138bec77eeacb969	4083410161	40.83410161
8100dc3574875299b793753a637988fed4de5e10017739b3916bbd895733cc24	3986261755	39.86261755
8135084cd56f35ec47fd43a6d639890b1983db97937a534b658773f0c8efc9e0	4099963917	40.99963917
8183c0da8ef2aecefacdd40179f78102b1c10238530efc5b246ca09b5ba9c6bb	4000448683	40.00448683
819cff58fc98130b6f217c0263bfad2b8c4f718e9422db173ba37e2aebb52363	3934760876	39.34760876
81b5a324225ee7a93a8697d3afd81113be7f3cdedf0305497f6811041042ea5a	4000000000	40.00000000
81cf0a78d1525d391318de6e8da53cd49819f1dc64973ce57a58b84d4d03da08	4010000000	40.10000000
82b737603f3ffce7d1930de76d3a672d4da37bf0d72809a8e9867eb81e74233f	4000001094	40.00001094
833473e73c5e833c4df5203661d7d1110738655979f7f48e3c6e105c7775cdc8	4015037118	40.15037118
83411f8713f690b7f61336dfd09e62fc7da00d86f39252547e3456dec9d16cd0	4033951117	40.33951117
8371d0b7e435e3ad5b4063aa91787a2a355d8fe97cf7ec9527dbb3a74106d109	4099992116	40.99992116
8388bf6c5529c9e05b960e8ed0d31ac531425fcdb759f2643fec407fa17454ed	3999997813	39.99997813
83894adf8c45955a3b73a58d979feb4b05a04c8871158adb2a46c1b00ae88489	3999939081	39.99939081
83a23a38ae16c8eab5ef55138fcdbfc4de49792577e92a2bbda4e40884c09dc3	3982570015	39.82570015
83bfcbfd0fb71385e6a35ba7730c76876c23ef7b20e290a894af19d28b5c2901	3901842878	39.01842878
83e06132b24f7ad9e47569d5e3227474b91352b280d4c4fde26844c0c134230f	3999999013	39.99999013
84463e41fcb89a302b7417e2b357d2c1ffa06e3030bc1658dddcefc685a85831	3900000000	39.00000000
84475e9de970e77002afec74a1e6757a028a154e5b0167022afd515e0d87c38e	3970815000	39.70815000
845124dc3687d49123a991a3697a0db2a34e4ee1583707578c75aeecc17d7e23	4032142600	40.32142600
84629ccccd7fbcc6110e6eda596c258f1b36cf33690841fd3d2e642ea3d5fca6	4042527442	40.42527442
849c168917a12b074522b293eef0db5b7fe75ecc7da845f22e1c887d2acba719	4003572937	40.03572937
84a384b81189a5922ca0d0794c81ee7f2dcfc526a3db94032032dd801cd92e86	4050000000	40.50000000
84b9cab495263ce8f129661b2f7d04a87eafa01a4f766fa1a8b495abd073b126	3976464307	39.76464307
84c10375376b062b3432eb719208b8c526b5bbc4d54f0008f45e2790b1c951e5	4010881525	40.10881525
84c1e71a79edc677e12279bbba7cbd2e1cafcb2a41d5e57e3aba6c69024cc054	4028350000	40.28350000
84c9e68194d257370815c1f3634e8ddc3df2734eab8a73f9902e61e572098cc8	4000016000	40.00016000
852e008fe7c64ef41d58e89db49cfb48da5f1e060f0bdb61edbde6aca4d981f5	4062950143	40.62950143
854b7a3ae15b971b64898a4f4810d0d9e32d60f10d7a5b957a937bc76cbff9b4	4000007304	40.00007304
855a4ee9eb9a9f4e194c1969135303b7ec1a63f4a1410fb41fb38a7fb2f7785a	3958009904	39.58009904
85688ba22071fd34b1e740e701ab69ffa434b05e8e9bd31c9b8a7edd430fdad0	4010001170	40.10001170
85c827b33b1d5f2ad904ce22cacd1b9929404518e9f456973e5bb68d46520c1c	4009037006	40.09037006
85c8c2603ecc9fbf3b409f6bdf7cc171a7f89ca964f7a79eed2c7b884de486e5	4037187500	40.37187500
85cee210fcad6b73d87be3a2e0dc5ee2703d75f03263d7f9c141757b8718da66	4000000000	40.00000000
85e2b3da63e7be2b500a8943ded84225752bf74f9d7d0d0602c1c9c263b0e7f4	4100000000	41.00000000
867d3ec6b3454c4771aba34da3bd66efd503d17388becc5e8ce7ee155fbc6d55	4055240634	40.55240634
86c98994bf43d9dd0fbf8d66756a393fbabd4e6c995bca262c014f88d7e4b05b	4049904112	40.49904112
86d63cb11c4b0cb6d3f7a2092d93210a1971d9e519fd8b5e70bb4fffd230d845	3904991807	39.04991807
86fe380fa4e85b147bfef04b23c6aff35c0fee953cd5ff2b8ce39ea7e326e104	3922948211	39.22948211
871a180aee18fd427dbaf30377c6a3d35474d44d6cac54cd747e9fb5544f187a	4075654995	40.75654995
8781cd5c2a877d1f19908f33d8c2c667ac01a958a04f03052c18c8282b196a56	3977660676	39.77660676
8794bf8a5a51f4d037ba260878aa20f7de33cd92fca27f0a14b60a22047f48fb	3929832524	39.29832524
87b8de1fae8752266ac54d19c144452f2b08c98fd95d0c612f29ce4f7ed68d8b	4009158994	40.09158994
882e673fbbc05db10155c4460c37059f7d69511e49ecb3840b58ad5bbae46ebb	3907852692	39.07852692
88fac5de576e79034ecc5621656b978aacaabda842eb5cdb3e94a0ece1de2388	4054357100	40.54357100
891048e885a489c80f9adefadea9e9c936f937c322761725aa19cdc5a83a6b92	3969465576	39.69465576
89128cee4236330225f1946c8da77026a1560923349167efcddfa5e4631f030c	4000000876	40.00000876
8936802876d78c8c5275ae16a94957957012c163726301db1a0086308fdc64fe	3999749340	39.99749340
89386df1da993f25e96b2cae0e92b2ab0d7a543617f8f3d0eaf46db4764ddc9c	3999996361	39.99996361
894ae3d2f6a4962564abbcc5cc23e8fdda744de7cd2dc3bcdcd5db7e4cc8e8e4	3999999175	39.99999175
89612a2d69177d8e000aadcc4c889ac264db97f888526f09fa7bfab4bf5ebd05	3919991422	39.19991422
896c0e69e378458f8f9f468541b2ff23c262a245a3afa120dd2ce55b2f0d934a	4027262049	40.27262049
8a042acc4f2373031639bce89303e50712b3cc754c297742f71e341035f9f65e	4028893972	40.28893972
8a24a1f7f1d271eebebf55f69d5a91b808cdf82d9f9cf9eb1ae01f8ab8692abf	4008690083	40.08690083
8a4a22a9614334f0c8a4fb6540d0bbb0f743aafbf24e6abf45225afc6d3c535d	3911479185	39.11479185
8a59baf429dcbda91cf7a82ff18fe3021e62dd8c2b0580b1366593abb31cd9bd	4004118062	40.04118062
8a6989781cfcc67e84d8db36087fe633acc3e039a57324fd07ec76cc13c1f90b	4023968908	40.23968908
8ac22760add2f6778410863225ffef1bec2c859e875b47a46a561a4344341230	3900000000	39.00000000
8b1710aa1b05154f1851476d61a20e54775e25aa7a745f749d5e8ae771544fc2	4008472495	40.08472495
8bb78479469fbb2c670113d41f34f33fbb6e208cf457ea2fad6b7551d0a5803d	3938624000	39.38624000
8bf5e6e21145bb5b95ffec02d91d9ffdfe40da6daa97f26a9c7d1a68c4b37234	3906623563	39.06623563
8c1f7cd539bbfb6e85dc4b8c3ab47c929b92c12d5f733f34c1d25b0b10fb1d63	4092701673	40.92701673
8c5a75f7f35eaa546828bcc06e46dace0394fa5fd59990d5f0a1736e1869059d	4000099740	40.00099740
8c8e0fd1819f31ff7934837a158930994672fc1cbdcda0269e3d59dd5b34c378	3990594285	39.90594285
8d28c058b17eaf0051f168714b86e405404084691a34173c8572037c09ffde2a	3999002536	39.99002536
8d5435c770d61c6ed4dd7343b45ba7cc1125a85db9d91acaf4cf98e13f074308	3900223847	39.00223847
8dd2ac6b86e9e8f1bc3dc8d0aa760bf95071287eb16fc1c6a5024684b74ad382	3933304183	39.33304183
8e3a161ced1f421aa4cae28bf2b7055592a33fc396d4ccebe32c6971e4ca573f	3989847199	39.89847199
8e94d9fd22077456336be3940ab0c8ddcb29e42a6d9e446c7a690867235e4c79	4081456800	40.81456800
8f175a1c6b65357b6864b0f642c25dfd9b52a20b87ae47fbf39a0b75000d2499	4094469924	40.94469924
8f700f8b7b5a1befd5b5e6e3ba047314c6fc5240bf789b1fffc531b4dabe2906	3944850000	39.44850000
8fb1aa368b049406e2a958ece22ea8c08103b051b69f0c818ba3b4707cd114f6	4000000000	40.00000000
904c4a466afefb14c3383001da4810375ecd0bd7cc01dd03976d150a36ee9c24	3923461455	39.23461455
9053814dd85232d75a2f4bb6b7f27cc0240ae9bbee8ded7d1f30ec5b0f6b3021	3949997985	39.49997985
906e5607f5811c763c00fd89860ebd46b0edf477ede198a2ee75cee8cce57e7e	4000000546	40.00000546
90763c4b11c0cf1f10274e038deacf0442f692cced6ace30d840de7148d6aec3	4099988100	40.99988100
9113ba7be6666d03b3da585963985b95a7603ef0216316ff4187f9dcacb652db	4094898793	40.94898793
9181e8b320e313b71e08527224dee00d88047c88afa1e862eade9f9b8ed93c74	3999990331	39.99990331
91c1876559c38f265aae9c9905ba72fd8532ee104a1433e2dd5156e40dbdea62	3999978673	39.99978673
91c6051690c9b48bd17c6e96886856027d328cd1458e111d01bdbc96a470e19c	4000000000	40.00000000
9205c37f7dcf5f930345ae6c0926a6497f1b180c90da1e8ebf0c6d551598999c	3939596497	39.39596497
922734ab53ca1be675159a733ae91de0d95d06700defb1f513614876d35d199e	4083299441	40.83299441
924f640c5141e9a2cfee0833d4a0f73d7a32e465a14bcabebf4a5d201c0393f1	3993205335	39.93205335
92dfd2c940d5b94577da974f954094a0aa24f283b4b3854520fd10972652190d	4049997600	40.49997600
93032d548754f9b3acf2ef901a48999ebf17674d6e9958263ee63d3bd1a8efbb	3931206862	39.31206862
930a1e84c70aeec5642a8c38a8c0f35bcab3cca76422dc7e77e361b83e125aa0	4005477721	40.05477721
930a5ffd63c7db592032cda08200f2984bf2f35c8ccbed4c6c00cafe730f23db	3933869869	39.33869869
93ebe904f249c3556f8e03ee66dd3f01e6d7002ec6e060157e748a4e232ba5a6	3999884820	39.99884820
9421e400e3a505d96bce608b574dc400c7a4ed30d3f1bb5b2ac0bdee188fdf11	4100000000	41.00000000
946e041384619192fa6ee78c1ea981016c0516d481343a2c688bfd6627719dbf	4084941227	40.84941227
94b16d59cf57d0aca5a1c9c7ecae7b7b7395ba07bc433f8db10a53f032a1b8b1	4023285051	40.23285051
950b6d429a80f175fdab3d9648801160709079a3da9aaeb80a86e06890161b95	3908033089	39.08033089
952b87672895c0aeee761f838694c6aff8e36d8d0a068356bfe8a6696af7b26c	4000000000	40.00000000
9535979953aa4f41b06d463d3ddde950a063518db60e38169b5f9bbe86100c50	4036555587	40.36555587
95431d989bd43f184f9fca02238e835286b39b8ec256acf2c5c446a0d9feced1	3900990023	39.00990023
95576526d94af9990b4f1c15c14e2a64dd2af4e71f04b7deb3569585204d277d	4028682155	40.28682155
95ccbefac3c9578b844eed16578de882098a8e85421d55d0c307e12a70cc0ba3	3999966787	39.99966787
95dd5d1dfc7fc94bcfd5c7ee7bcf49ec2599dd702cb0e3c4eff289eebe7a9c88	3999950000	39.99950000
95ea63dde96d1d9ef71ea3e177568bc6777fed03d966ee335121d64249ebc22c	4005432014	40.05432014
96081812e3610fbb1bd3dc3adbea74ad0c2ce68be7f07c44030efa32bf918cde	3972753476	39.72753476
962ab539d57c29984722ae025697119c7d97d3575b203bcb23f999595b5c0ac8	4000000876	40.00000876
9676248c7770073941dfa71a0b989b299717c3277ecb1f9f47b20280bb217f4a	4050838636	40.50838636
967a97dab9f147433e19ab10686efddab4785abcd93b253d0bfb56db0c8d2c9c	3999999164	39.99999164
9681d7b191fe29e15379f3d9c96ce446a9639cd760e69098f28b51edd628b569	3981436498	39.81436498
9693977ab60592e38d9925f4298c6400827402f8029862f0425db0af942ee0b0	4000100000	40.00100000
96a7a03376f2cf118302cdd1130175a0f5bcd1c8853a8f826103229ee3e82e0c	4077117504	40.77117504
96bd610b619b496fe56c9eb83d2fc16cbd838c0eef19ab1d361051a1332c25af	4064116334	40.64116334
96c134b67ed32d9e5db1d99b930f11034ebea4068ec200287234b3a71d6ab843	3999780741	39.99780741
96d52dba7b2e493dffdac42873173767db3d27c2d3317e7a98e2e94432894337	4000384367	40.00384367
973b8978070a993fd6517222ada7a5a17c9f6e400dcb426e58f04ad303e08d55	3916209873	39.16209873
9744a5bdbef296df7b1688e2327ea135a54ca348f491cb214592d40dedaf7c0b	4099993037	40.99993037
9759b7cf203237a5c02a02a5023b6cddf02d909c5794dfe73272ef988f1068ca	3999999236	39.99999236
978f8e474888a43e3d534a1c09717d6fe4b2d237768eaa423d37b3459ad805eb	4092017000	40.92017000
98072116da46c80c913ded4e2af6e4cac14dca7976a55c1bcd66d45cad177a2c	4021275000	40.21275000
9812f10604182befbb5ebbad29f683327420359558ba476e00c4ce70c9b116d4	4000000546	40.00000546
9825e7e3fe5981b6d147c078510bcf572738432e595d87e12abec0e7721e1395	4000319284	40.00319284
9857b0b6879438f25c5d163fdaf25646c54dd753e09c23e24d8d3d557fd00d35	4000497949	40.00497949
987b10e9bbf486efe9ad84298e3bddaec1fbdd2bf7f8ca6a496e04d164d8fcc3	4000000876	40.00000876
98cec64c9a1f23f882833f96e23bd8e623330c1303e3f4aa1e4c6b1e574486a5	4000000000	40.00000000
98ec34ed5052d811af20faedba12652c96748515ddf8965764205e24db1add49	4000000000	40.00000000
98eff2f94333265ef8b5d579fc00ab0469521a51a7a42bbfd26f44840c8c0701	4000230000	40.00230000
98f2e2c01c03267914af462b0d45065b398c6442c1876fd2a922c3faf8c29e83	4001000000	40.01000000
99adf776df03eebaf093c3492b087631df1ddd53c177c9d1f26f4631fe4ff15f	3906267475	39.06267475
99af92beb0c316542c378112317393c2f72652ee05c0b80b8dc3496b4dcdbe2a	4049814828	40.49814828
9ad117e6f5a85c1edee86fe3e7281c9a87aa608255f09fdaf2d152e790eb5f3b	4000000000	40.00000000
9b5a1dcaeecb6a86fc2011e7b9fa42ca683ab913d243febe361083ff2a653d1d	3952789083	39.52789083
9b61c52d60cf87e4e84d91e4cbed406523a444d927a9b74f4005c250b02128b1	4017228649	40.17228649
9b7beb4904b55e09c2e62fc1561d23d55a008701d523c91a18ec9bfc20317768	3900281716	39.00281716
9b97528f12ab68298c40105e185d3641a5ca3e6c1c55cc85d4060ace4a31681b	3968274228	39.68274228
9ba427c9fe8cce4aac79dd0ad4e7d9e1be3f86e0202487c077fa393d150506f6	3998999324	39.98999324
9ba61dc1bd14d2f43b9d92613212355bd172a3df4d8693bed0628b171e5a2923	4087823230	40.87823230
9bdad0dda67318b4f6ac4ab2bdea77b631578e08b4ca0056d102d1246ba71229	4000000270	40.00000270
9bfff2ccf384e0273fb4cd07dabfc0971d8ce84c60b653c30f636aafed6a1f48	3999962891	39.99962891
9c2b543b4507a379079bbd88315afeffa6cfac2eb36696a97486c7d5a8df76ce	3939512719	39.39512719
9c87c4908acdc5e57697b8edcb49c0ca9304d44a70f7525411645da2e11e2acc	3999993302	39.99993302
9c9490c57138f44bec0f4aedacedb8a57fc47a6cc2e199bf886b319ea7dd3264	4000973952	40.00973952
9ca785b4a268c40a778e9c38515d6583268d3cda66607c8a39a06ffe46e73bfa	4032834007	40.32834007
9ca93b8c97afea9286d888e62a8cafaf95e08a759702fe30fb837172b08931f7	3918561898	39.18561898
9cc7cab2e39c9fd7a643318811c460c1a7d3c4e70e9b0d129030deb78bc5a5a3	4001227613	40.01227613
9cd5ba6040de36d4df6a642e66a4210c1b4c4a1a14bed61bad1f0741cd2ea300	4000001146	40.00001146
9cd6ce096605bc0a52c6205666b821f228198683f608d82f4420acf8df7f667b	3999999336	39.99999336
9cfbf157650e7afc2e01165d3c97cffb8d63a056ecf1cf346686e4fd5241a89d	3981639170	39.81639170
9d125cb6d716f16545cd760eb10f3649e464ec6ff5c11362207ae000240d587f	4000514064	40.00514064
9d2e9f32dfce3d51af1224ff27cfab2256837e2bc62e7c1497e6e651170ab63c	3999999322	39.99999322
9d342064add646e13f7f6b0792105a972f95b4bfc42775b77fd20e3511417422	4024000000	40.24000000
9dc0e2f687d3b6289b170d1612d5661fc07363987fcc6af5873a3841f7246ca5	4037812345	40.37812345
9ddbb12f30665f12ef2c4c8fb2eb436cd8be4fcb6d8aa635b953a40c71bd1c37	3999994000	39.99994000
9e54e436c7dc9d8dae2e9550ba6a938d8df283a0c0a9acd40d3246f08ea9cd33	4000800090	40.00800090
9e794608b055a39767b7b755dcaa4f4cec6a8ac08c8ef1c27f7a2b287ebd1087	3998977842	39.98977842
9f4042e33678083359fca491f5e0593538714295ec05de96c99a0f67128db35e	4022718594	40.22718594
9f57d702263aa8d99c8fc1009630d959ec7fa6fc129ef975843ff96ade651b67	4000079146	40.00079146
9f7f9e5addddf5d42800363dea63e09cc78e0b52df221cb399e527c519288be8	4000000000	40.00000000
9f7ff6370ea6af49ed26acfe54e00c51b3c00b14452bc5f54e72683de16f5451	3929227000	39.29227000
9fb98ae8e067ae6300b0c0984e5e1ceb91a46b35a85a96569fa0ed031892369b	3999244697	39.99244697
9ff5250eda7b0fd6b734dc3666a6cd7ad3288400764196f041e7e9b0d3ff2af1	4098676439	40.98676439
a062a04a81aea0de4397a314fd9b133dc7d9a778fbbdd69045529c4867adae87	4000000000	40.00000000
a0cd0d033798a3b33ba96d140decc6a4cb8a6300de49f839ab6c7426435364f6	4066375859	40.66375859
a0db3641f12f3046bf408a4eeb929cca37fb828b5939f20f71fbbd6975fd0385	3999987422	39.99987422
a0ea79f233792c8747f273f8a92d52eaaa36c831378fe876200687243b97009a	3918629018	39.18629018
a161146957479efb42b6e940bbf612d00ad1b076ed57aad5e454991208b14d5f	4038661000	40.38661000
a16b017c37b1f6af57de90701bdb236c445e24f1e76dedd6c155488d12afbd5d	3999988000	39.99988000
a17a0e7b2f97552089ed24fee0753035e8dcf4824f8675e18e942b1041528508	3999765320	39.99765320
a19fe11d0841155a916403da960e18dbfab769fb8162d501caea4916323b5162	4076160514	40.76160514
a2002b4fd09a65c706d7ed30ccb8515891e9f47abf4921ac2f8741ed204ab0d1	3999998912	39.99998912
a228d2a6e82caabd20c83af032ead8c4074647d6287304e3a800f41cb94fcff5	4044913381	40.44913381
a238813c61673f4cb689498879765b1a6aeb278c7418dfafccc24d90214ba4dd	4039665000	40.39665000
a29b436fb9360b394bedbd0aa71ecf417824b8791fc30288c5db69c369b01665	4065960530	40.65960530
a2ba8f66b3c93396ec36d36e993eb00c78c61b9cb457196c27d0e583023710d3	3999342548	39.99342548
a2fd59030b2a3b956730773738774901751c13c99006aebb25b600a5d7ea3a34	3989816128	39.89816128
a307387cb59c31c1561a6770381988c20973d3823d2c477f554860467e29315c	3960514339	39.60514339
a309bd32e6794efa4daf6cde846e8ae08c155f04e0c821d85e3bba4bba70d55e	4000000000	40.00000000
a32c91fa39cf90042f67e74dffb1a0a2915a3a40cb518c57bee36ce62954956d	3934633551	39.34633551
a342d5e77f4e8591ccbc17d88810884c25d3a3dd35b162c38f78ea8449160494	3999000000	39.99000000
a3c1389f63afd90b6049862125183ac88214f355ab966bd0b18f55009c18d746	4099806703	40.99806703
a42c49541b1b121f48fbba8b0bb58ec47b1c24bc9bfea35a26d30457c32c339f	4099988619	40.99988619
a46b37d39911d0cbc6a90ac4268a3b74269831193f9ee0f979165f6c9ed92011	3909604003	39.09604003
a47bc911bc6d558c295ddb2e42506b50f84838c34b817097a7de04e8c2e0435f	3904089567	39.04089567
a483a2a59ac4e12fa3b8adbe54ca0b33737d39f269e336daa74149ecd99c0db6	4017160229	40.17160229
a4f9324b1ba9e2e62cdddad82b481051218ed11b012f98700ac92e2884055a27	4091624297	40.91624297
a54eca3c4878d58586bcceca3dad8ba5e51152c1e4c951e18c4b7f4d416001bc	3999959896	39.99959896
a579d57f8b74e0c4af155b7218d0df76d831ba27ae0b4be610f519190176f363	3999016237	39.99016237
a57cccff08bc0ce21fe1d0ef49d33a9307eb2a3381668d8c973520385e67ae91	3970758954	39.70758954
a58f7f90b1221cd8958bd620814d2ba1ef782a0f8f0703ee14c48a0cb805ee58	4000159058	40.00159058
a61dc2aefa50d367bf4bd514e8375a95b82957ca5d0c2fbbbef5efae68f7ca1c	4099578907	40.99578907
a63c5adc29849a00233ab20a8840d8ae999a490ac745868112638cfa11aa5b96	4089856641	40.89856641
a6747833f3f8795f8d9e77e3f9b7f87eac70677ce5e0d671100674bcb3f8ce38	4013407578	40.13407578
a6946af4d57a8066546191af01a496dfe5e2aef60f10109b9cd064719f4cffa1	3939997364	39.39997364
a694e0b5b82657cc718009eadca7fc027f9bcd8a3ecd3ff818fe376c9b26f55b	3999998297	39.99998297
a7295a03233d2b0d3eba6906e7202a5a61b27684098b9d137a91a2e977d8a8f5	3984778472	39.84778472
a74687c85caac4f96cc383ac766c71dbde53e53a4d83d2502a71ef6f59f26a8e	3941947583	39.41947583
a7552acb7bdf39d7f6caaa178ca6b59237abd4a6cbb5b4d56c1e356b969bacbc	4094908025	40.94908025
a7a6623e72532a7d46e7ff9e17c70ca1a8abfbd3b3ea47401432d944e7ef9a16	3975686325	39.75686325
a7a6b91815536c95110f89f09977d71314ad4e5b8e2466eb6319e25a4dbcc10e	4018768308	40.18768308
a8094d1ded24df23775d805f6de0327e494d9c7ff97662ad9c36284374b79e73	4043975710	40.43975710
a8359bd3e3f2c4e7e4acecfb9f6ccad5235699b69ee5f011c9fac52a44523cea	3920446387	39.20446387
a839b88491cd24bc070f72bd5070a18e1d86dd6fb46ee489b95612e35c62bad9	4086428967	40.86428967
a83c5071799f70b4584ebb2a7c7ebe198a6041468eed42da7f460e3af9ec1624	4024854646	40.24854646
a85e913ae84769529fc6fba58f60750281acef677b105f41cc2956a9c366de7b	4028264257	40.28264257
a95fc20769d94f141ca9a0c3e1ad17a24d76f0b4847f8e44cd164d54945c4241	3999997690	39.99997690
a961f9f40a35a4009d604c7f8fb9a49a3818575c349ff0ec9a9a9097898b5563	3938012387	39.38012387
a9856e7bbbf1996623fe872ef845129a5cca4f1ca5e484327a16c8691555e2c4	4031010870	40.31010870
aa010568a9c7f02647f14d385bc725c10612b222e65d7bcaadf850eb2ce1cc2c	3969960876	39.69960876
aa3f078e662a9f42f4fb17a616918182c7eb8fc4afaafb43b9d58384f2c4e74e	4000100000	40.00100000
aa9fcf44b44801d554c069423caf83e5538b50bdda957bdda2eea4df847ac93b	4088999346	40.88999346
aaa53f8b0a153a8eaf6132c57f81c1b9f6e59e23e98cc121d15af7e861d69ae2	4000065238	40.00065238
aae12fa01c2d29315c33f7d3069f56317d901fd0162162da3065011ed5e123cc	4084755141	40.84755141
aaefec49ecb49b8f9d27f9755945b1ce4a0922ce04f970d2252769b369eecd26	3988995149	39.88995149
abcbaa4e307c502cf473a570d37a862b9a0f2d958bcb357e93a2f9edc62ea0ef	3945158619	39.45158619
ac05af6666601b62934408559e63dee58adfb5fe3644007ffc7066c397fe49c2	4081846800	40.81846800
ac063fd2e4252700b2c2bcae94ae23d6ce1c7001cea41a5e23f1ddb44bb2064c	4078860000	40.78860000
ac14c9ee625c944329b2c420c379f273228f00e6feca96c81d062d9216d9f72b	4099988160	40.99988160
ac360c5c6b962c0d5ea78ccc6a0ddc03f3b4e31d5df8c9f66a80931178ac2ad2	3999996361	39.99996361
ac365b06da83ae00509bede6cfb400968907e8d1497cde319cadf3b85838c72a	4081958153	40.81958153
ac87e74c85fbe2269fb7511773051cf63efd224dd259d4c8e49e32b00f9e1e9a	4032923985	40.32923985
acc11a583e05ac963b9e7d82923a5c6f4f2b248aaabda1df3d99ea5ef24af67c	3999975818	39.99975818
acd08348e1c3fb319162c2e9984b248e3711602d954808ca77d1ac5ec304a975	4000000000	40.00000000
acde819518d7f2e020569fda91361c8639304e888ea727df8e135a84e9ee0a56	4036076741	40.36076741
ace38d472ce791d8e6b48e367421eaff675996612e1269c223f5372b20cc1016	4093119916	40.93119916
ad649c60fff8bfefdc383a2e34ec0002cc72bf470b4ec553279bf222ba7aa7ad	4099999013	40.99999013
adb10216ce9e272a888da3b805850d1a130e6c463b7bc998eb8d213e4a4e2e04	4000005397	40.00005397
addf5a32367ca442aa7dd770cf4c9de0b22d1ffe9718abfe9c7c5d53e5501cf6	3998890000	39.98890000
ae398bf7735b3a3196b45d535686938c4f97fde3eb1fbce6e634b742a9eb28c9	3999996361	39.99996361
aebd292ed0f375a414f75742c7cab54f7dd50ea39d30b4838f1522539c7c3d7c	3958482400	39.58482400
aec407352cccbdc21155fdf4c5233cfa0568bd4e69fb6147a75db0655e0167ee	4000122765	40.00122765
aece0f6da899f5e814b3816135f42a55a9e6ee6bbdeb13fae143048f66aade98	3999767278	39.99767278
aefa44bba985a30c5a71bdca4c926240d6d583b2724265f3e16575fba6eb289e	4092645076	40.92645076
af38eb2b56f4d11c6b6611072fee3f469ec3c94cf5a036516a66c6ac09148e4f	4054726916	40.54726916
af3bf1b66366a4752664fb73ad5d0637168a8388676d0952f423a8ade0affc3a	3976809720	39.76809720
af96fe0bc8b736ed118ca6f7a53a11c9c6629dafb31b8021dd0cbbdb47dc75b8	3939761554	39.39761554
afbcadf3584973d143434fc04900766d36c34e8abaa14dcd50276fa8aeb00ee4	3999998319	39.99998319
b027b49a92b8b0d6868b7d46fa4a02652aec26d98827eb8e10e645535455915d	3995965653	39.95965653
b081dc9cc90711833ca3431fe5f4ea05099a00528991ba9aa78d167949ab1b12	3907284599	39.07284599
b0cac3b0a25bac6e312764a9c797e853a7717fe8f20bfad5c54ba092211b0ded	4000147417	40.00147417
b0d2bb0bd5cc61f49a90487a0867ab3c181abb16fe9f95dc349e62ba4e33b3ff	3901000000	39.01000000
b0f39c365498d202815b4980bed54a8e996cb1be17ad3fd744c7150dd9223136	4000000000	40.00000000
b16b1fc53ee610a79964f18e8b97409541c5a1479d01c34160b643e630d0dda8	3930112518	39.30112518
b185fadae5f04887a4f0a2c8c0d3010c6f4971b5c76d24308e5f44657fbd4669	4096000000	40.96000000
b1a3fd5eeaf5983e92a2768a61e022e4cb24c64f32a451ea62461f9066ccbf92	3970872604	39.70872604
b1c4ae84bc8f60f109ca632b620fe6aeaf472ea2124d81bdf9ee10783297b7cd	3980751601	39.80751601
b208b698148250e76298a774074431a2dca62904667e71b308cfacd9f800ca2f	3963562479	39.63562479
b223d5507e042d66584ce895c698fa2c20ab915b10cfa1b0d8597526d373499f	3964035306	39.64035306
b26f2d2b89c8e48672f7a95bd8a0b85c591df4acdd1af9600225e4e5d6f49d5f	3998420837	39.98420837
b28124e19819d4c9cc5d43e42e03fcc64c49896878ba07d06f87bd2c4d291539	3962572234	39.62572234
b2a934e816dc264f7a3edd743675b9c2fd03ab152427b5bcc2a48d44ca31bc15	4050000000	40.50000000
b336883a969d927a98e03fcf8a31fb293aa15df2960599ccc2fab8ab4c6fdb86	4004444927	40.04444927
b358eb70508c15f59b7d4bf7e57cfbcf467d901c50396f055fc01d7a9a267fbe	4024882281	40.24882281
b38a7e9e8c71fb0e06e2944052d5bf7c354a60064da6fa90f709c0605bd41446	3999997922	39.99997922
b3e2cc678ba8242988839c7d2bbbf720e6d76ff5e5c5d80d00db8c3352d81a30	4009394841	40.09394841
b43333fa60e01343cf759d1f07c4fa0e86ac4007c74d0d057b09ce501a066f0a	3999999719	39.99999719
b4d55db0e0e44d19ca67f36229d73917dcc994aa72b26a9da9e665ba72fccb7d	3961254397	39.61254397
b55b728ae98319386105422324b4f926a39bc04880280c6c05327d43e54f145b	3945000000	39.45000000
b575c4d8793b2e39ec186f06389a0b066ed1fd70870cd812c8f073f2a06efeff	3999995589	39.99995589
b59aace3a8b227ca2abe060b9a3896047c2a79e13c5b31518b0fbe7ca8f60e96	3976744799	39.76744799
b5bfa4602fb154870c7157164112af0b03eab3b9b36dadf5e7f92766291e7817	3972841400	39.72841400
b5d57f4eb3354e9d271f9ecb3070bfb3ecfe1bb27819faa15fb9c4beb651a557	4025515823	40.25515823
b5e8f2f276d688d3ad3f73a83fec8089c67fe8dbb82da7ae8022930e48fc00f7	4099983432	40.99983432
b620cc184a3fe40d25e3055937dd5ca61de0102274fdc7ad8fd87a3e52c8cd5f	4000194491	40.00194491
b6789004e111a9237fd9eee314edfa75ef1d3b90beb6190803219965c3dfd904	3999987141	39.99987141
b67ca27764a1381a02aa1fd55b9504fc78475fbc1812356b5d981a7dccde0416	3986846968	39.86846968
b6f4ba2eb703a74ac92e66dd639407eb69f3cdebe5af8bc972a8bae7c401d0dd	3921356605	39.21356605
b8e41e9336e21ca56ad2bf9edb3da23efedabff171d9a3f9e21cb23c5387f780	3995699601	39.95699601
b97fc31aa34d5127333069d71ed3d06a29fae4ce8eb836292bd7699e1c08c1aa	4017378738	40.17378738
b98d1ac608236ef09552b25c13d611ecef763af54c4b7481d889e37ff5e787e9	4000000000	40.00000000
b9a106f08be3ddb625a5adf34fd19f8ce97241afa74c57c27fa2f3ec4e7c57d0	4096482935	40.96482935
ba876a80c5bda58397442e0abf2a413835112ff433d80e6dcc13e8fe7bece3b4	3900000000	39.00000000
ba995350fa2a9e6a127ae1d631a5b90b86947e415ef5931303fa5d41448a7370	4010080000	40.10080000
ba9e8899dadb4ec726b341c8d3370410f18a45af5562f150a11e3ef553b547c5	4041352224	40.41352224
bacb8015d4d690ca3bdbcc3e0ccd8098fdd7de08fa1df4ec91989f225c232945	4000000000	40.00000000
bb22793b9bbcb769209d67578867d8188440db8506add8768e508b69c781c772	4100000000	41.00000000
bb7c6ea09e90bdfedeac9a04b1eadf83f5e8a06ee8d27c2a91329c3f1d6b9d80	4000000000	40.00000000
bb8febcb37922fa225eabb9e0641cdba24b6ba6cec577198c4e4024819b65735	4000000546	40.00000546
bbee7711ca65d7f4d5727da0e804b3fc999be9ceabf9f179488a1c8c55f25c49	3918573728	39.18573728
bbf6e86b220381ef3cc694494a305ba001756a76aa5021c4c938d3538f65138a	4006956000	40.06956000
bc0fdaa5d4714328e6d3e8a267f26bb0c28a4154315c6e6c2227e98418e51451	4049995850	40.49995850
bc3230451d08967d118a35a08ad803b265a1339699489478de83efc08d2e4778	3999933728	39.99933728
bc359807bd25017f7dae3774fdeebfe566ffeaf66336808d8c17ccd463fd622f	3902462670	39.02462670
bc5334ed7f93def175825fdb7259008f16cfde2f44e09117945239ee46c8d2e2	3908644659	39.08644659
bc794deea48fbb13b7d2011f2e9eade7cde58ebac904350952426b9ce3c45b98	4000000546	40.00000546
bc8858a6cbdd7ac702216157dac89d6fedc23110845648daf225f11d17d3e2c3	4068337974	40.68337974
bc9b8578b6969047c618d07a2082020cfbf3f420b65eaa8e4a033398688498b5	4073360420	40.73360420
bc9cd2a1c5dc2e47a7a899845ac2ae8e8f13f82049c1f939d30c3217440d76a1	3956244103	39.56244103
bcb57029eeefe71ebe90967a7058183b47a3c164a21dd89d77b4674d2e956974	3941649522	39.41649522
bce25ef277e2c174617a94c2be7060995fcb301976469e5873d90ad7fc1a7e76	4088300000	40.88300000
bd08cbec77575f0cd2c19c9e98c4417d6f947aa6ff1f6c48c2d55da557bfb6a8	4000000000	40.00000000
bd13068dbe81ea0c3dfba847052515554e6e89b7298610391969389fd2c254a9	3920262833	39.20262833
bd19167605b16c072eb4923daa2c594d7cca0a17333bcd4a6d98a3e36545db4e	3917973453	39.17973453
bd2034f96ce93ed77763eaa9cddeb06c42f90cbc14aa9205c066294008492656	4057263260	40.57263260
bd2e54c9a87334f2b5ebc20fabf8b274b1cdebd2005287237ad0b709b7f1bf72	4001719349	40.01719349
bd749fe2fbae31fa24304b9302afaca6771eade64af8d02a2da129bae79ed452	4000000000	40.00000000
bdb62aac9ca093a00db0f19890eaa6dba55b291082f5a03c9282d49a90367cac	3938747510	39.38747510
bde2621ae511fbdae12a3945ecd7a85f1cada298fb056ae35376af2e689559bb	4000000000	40.00000000
be5e0c464c6422de30393c3b6871a8cab253932c2c19cb03c1f39ef1dd97592b	3995875877	39.95875877
be63afd35f9e5f6278efe03175599405847ab13930dfdd59e1917fd95f7fd15c	4010800000	40.10800000
be805e55ae262b2812ec139b7568b2334eec75e11ac41c36f3477d26ee250530	3971587582	39.71587582
be8635deeb7bda4d8cebe9acfab15eaa6c30d29710127c25416fb71eb11c23fd	4047038028	40.47038028
bf0e9fe330e54d6de5ed04668dc7dc0e6a8bb9dfb7f74cb40f0836f71cbd06d1	4058035947	40.58035947
bf1870c68a3d62312938010e64faad9be1b4df1a4a2263c0ba3a5ce9fa237e3e	4032103364	40.32103364
bfb0feb07d6d12f8ef2955b42c58a552ab0f9a9f5da92844918cc6997da24b8f	4000960000	40.00960000
bfbab7a5e7374f6be2120f8c2077088d3aec3b82cf1c88571aba205eae17055d	4000000000	40.00000000
bfe962ced2b46a8d18a09883bcdc46ed796a9f3d699d79cc0f7f75f946417d85	4041668373	40.41668373
c109fe7601948f10052166f0d8326f6ea125502f48a1253f9a7b7637a307623c	3900236192	39.00236192
c1383c6a6b03779abe7219d8dbc33e87c42db5b053edb5912fbdf5b44c90f697	3916174961	39.16174961
c1609fd3b9bcc52ba92a06dd9c5f4422932f93388947e4818918e406cabab5d6	3901765506	39.01765506
c1751e4942909378c6bcd61f3172a3a863c9d2c7155c2001c2e3edac8264dd0f	4074304795	40.74304795
c182b4a086565b3c3a34f02b6c4410c5bc9eca53051e2694175cf92b618186a2	4072705982	40.72705982
c1bf15ebb8981a460380323db4f51ba5c87cc2f919dcff5ee902886a1bfccd25	4001034915	40.01034915
c1da284872092362d39177d9c294e543d3cc8f76ab11c9cd8cbb6fc18be3e005	3999995182	39.99995182
c26034dd4e01466b4f6fe8573347215f6cc69e171841a3c8cd41a5dd1c06d713	4041872013	40.41872013
c291faf14423c7af9d2f5778bd1d484dd1a0584465e8896a0791a53186442363	4000000000	40.00000000
c2f32d06c11455192ea49aff90c8b81ad0f30209afe9e153a952d630ff60062a	3907446414	39.07446414
c3169eff6748aae7d92b839c2e10ce71ea9930a0b1fe6712b4cf338a33df94d1	3986799154	39.86799154
c34f30cb43a13ba2c851ed94a583c3372b21de265d8da38f0187afa01717c797	4000000000	40.00000000
c35a2692c51a66b6140f4f4801044e52efad50561effc51f9307767f61b36989	4007180371	40.07180371
c36034a199773ccba04314178dc9612c0a00f07bad0f7d5e8ae1f1a0468e6398	4056241105	40.56241105
c393c47f2ea00237f0362463da58a402c2844dea04fdb2bab86832c5b6b792b2	3916414545	39.16414545
c39cb14dc705e569feb5d5365e7475d127d8ede10cc4f9153476f1f59eeccd8a	3925177462	39.25177462
c3bfdbfc1863ce72b6b468ef093e3a7e1314014f8abf4e2b6851dced14bd0b27	3923961001	39.23961001
c42c11f07350df45e50a0fd08ed888cb8c27c26f396a23ba6e65b6d9c768f01d	4000010000	40.00010000
c49618ad63e0619705141061aef117a5dbd644fbcf07e752bde5197d86dc14f0	3999996361	39.99996361
c49a3be6d87d97cb76e66a65df60197c72e0e1947ba8f5e3a9abb096ec2e7125	4000001179	40.00001179
c4aac10a118bc903b2ce032bd508a0c54b528c43bad9abc4bdabcafe6d02be77	4000000000	40.00000000
c51d3148d7a922444bd3ffb90ac29a2889ec69977f731d37de70bad5381c1c5a	4061736760	40.61736760
c59e0691a306f846d72fe97a10ffa63bdb5dc8ba535a2ddc169e858da47bb325	4083183812	40.83183812
c627c951e6bc695b38f0efb040e7388bd362019bd383bc637c6b68deb1a0aaed	3919972306	39.19972306
c638c281763132775ec5c9cee5dc821013f528e7c1874bb03cc77d29c9cc3add	4000005000	40.00005000
c6dc9f61734fd01d42981309aa2e397ae13dd71b9bea6571e38886f02f569236	4035156416	40.35156416
c70a998432ab19a1e144d3ccfa46ae56df8b2e1738ac15d4e749db0c88558931	4050529689	40.50529689
c79e3961ed2cbd83a262ee2075ee2ed8366337d34d1dcc8c0cbf1dd4ad74f335	4091384231	40.91384231
c7a1717adbad825293c298977e0b6dd2741cacd7b455f79a90df97c99146696a	3999996361	39.99996361
c7c622858b1552017059cc6ecd3aa1440dbe56b9e1aab9fd0717e92cee04e029	3954817000	39.54817000
c8928c275be8322bcf7c09de7215eb4d15fdd6e42892ca8f9efc2e0ef9095b5a	3999675383	39.99675383
c896182402d17aac671f1e5a1006f948e0d0d7061ff0bf5bdf64030f17d26fb2	4003341081	40.03341081
c8f7fdaa3cecb84308daa5fab80a7abc4df4bfc3ed68e9f2be05ccaef6bae0d6	3923486300	39.23486300
c9233c6862314037cbe6d778cc0f37d3357d854ef7fc21ce48a34a17b22746a4	4007898801	40.07898801
c92e682fcd3ed17640bbbed0a32d2eb9e30913310ca6976cb2e906ca4772e7a4	4024442368	40.24442368
c934c329bbee6a3efc8171d36376694b745318cb94f2016fb2109754b4f79246	4013642701	40.13642701
c956a169e9657d0b5a43785c44aa30b11b868eb75107d264f0c4877f916eb09a	3999949455	39.99949455
c96feba2389748a376f0b2ce8e6b6c28c4526c872b4213f2ac56c67799ecdc2a	4000944200	40.00944200
c9b143dffd62b2998bbb57a59f5880a028ffacc0f06116ce137a98d13e71bd97	4001085471	40.01085471
c9be64aa6613af00670a6352b4e57c17249670abdac420294e400b609ecfe5f3	3999983748	39.99983748
ca1116f61b8bf19f05604d7e5059d1124f1b2c6571c52f5480c150601c9da293	4000000546	40.00000546
ca6ee19112f1584bc54e5b492d3dc1947df4fa22b6f74eb48ebab6bef46fa9f8	4041564500	40.41564500
caabc9aabf19f1a3d71e022380efec728185233001821d0a4e30f0a0b13a743b	4000000000	40.00000000
caee07c0c83b9c522ddc14b37872a35ffc614a148df1efddfd322daa0b2f9456	4070136175	40.70136175
cb041096a9c211036b5f71622d6b9b55132aab47f1269e5118632282058c743b	3933079305	39.33079305
cb48496bc5288546c353b0fa6549ae03e8457fa77d1acda6d12692195f4f1237	4058933174	40.58933174
cb88270ced766ea9aca6dc990c0152b54e59c12477ba88a41ddc34c38551f96c	4000400000	40.00400000
cbabf5c143c598a697ab8b0f891862f7aec31a0d52ddd2d7d9215135e55a88c8	4000006675	40.00006675
cbf231419e5a15f5de3a6c7a0c301edf4d3352057dd7d33b2978b24c2584a0d7	4039860645	40.39860645
cc47c687ca7da8799a35d1eceaa3458cb460507ae8fdeec65086933b5a468ec5	4099984682	40.99984682
cca2ac8e39311ee11fa8720cd0762d6bd3670a65540a6f5d7e75f18b1470e142	4054888900	40.54888900
cd46a52be7f66237f2f8443f7c8c8d95e0f234f3ba8266bdc4779f854112b296	4095100705	40.95100705
cd4e72a1d169a72631b98a7e703778e07d0f0b344b9b2f376673626f8aead3d8	4000000546	40.00000546
cd820071666900f23cd2396cde927c57d96484d942959d16f0ffd01fd7346e70	4070906799	40.70906799
cd8e25e6d3259f0de789f678e909447440c498d8fa22e06300529ded64b5cdc2	3999998869	39.99998869
cd9183a0d89c0782c082d690c5e62eb0e6e5fcef003b6ae1d6e98d1032cfcc3e	4000000000	40.00000000
ce0a9b761cba1886d9868c8cd4a719c890fc06ea57ece07f3cf419e319cf8fc6	3909901610	39.09901610
ce28f2bfde45ff2d99bda1102e2528b8389ca512acf8d478e90d5f792f52b026	4064640150	40.64640150
ce2e59fb36db5074bdc714f2b7f26768a7fcecfdc026893d8ae8fbedca6f1ca1	3999970700	39.99970700
ce333131f0a47543fc73197e9f5738347a7ae44b3c5c3d820bacb0a2fc1f9241	4016561028	40.16561028
ceb7c3f07fac597b588b4f70537e3e172abbdb3512a065ee47eccbfebdabbd83	3953148146	39.53148146
cee30244e7cfe9329b4fbd14c829291397a15586b156c69b33c72c47cb2985a0	4001046096	40.01046096
cf136b90fd438aa331d9ff40d6538258f191a481b6e0669bff848c8e5855456b	3960000000	39.60000000
cf28aefd757df728e8a4adf982b6bc1c7e467b623b3455015ddc42de57fbd7b3	3997253854	39.97253854
cf4aaa3ed8430c97cc83a6041fa0baf85c379a4425c599bc295c2d40f5dfd700	4000000000	40.00000000
cf705a83315f0308eeae91bf7347138e5c7170c0258753a51748213afcd189a2	3999610589	39.99610589
cfe9f3b9484e5824ad119b333dc4eb2a1a8d61048786d1095b769134744eea40	3999996361	39.99996361
cff93d6b9d2e4134234f175ed5a23144644b2286c29ea332afd78a1028e909db	3949999581	39.49999581
d03e86e64ea4161fa4c6784e9a24b0dd17434099123c344c943426a0fabdf90d	4051159823	40.51159823
d04edf525e64b0a7c57272c8f518de208103ef211e3339b709a9b65645ce0f74	4000030875	40.00030875
d04f38e5e5f4c2fbd2855d3e72b7d3747d8aac1257b1cfc4be81caab33de2455	4052825782	40.52825782
d051908e7565cf17e9c1e18e69051817bcd695569b5f62fc37ad1c82cd070057	4089676013	40.89676013
d052b1e3817c38ddded414b3eb752b641e5328909ef46fba45e80b780f8644bb	4000000000	40.00000000
d05faddde916253a779c9555f5f9c36bc2a58b071160bce06b08e52227f86680	3909863720	39.09863720
d0c1e19c3131e1d680661326556efd88a831ca951d89f074c2bbfb55806f4e97	3937982462	39.37982462
d12d519f268461b3db35dc9dc0d9238a4159fa6a2be3099ec191b5175771a13a	4000000000	40.00000000
d1549ec084015dd5e414f0912b5c41a7c88606ef47eced266985e989746b2401	4000000000	40.00000000
d189a7818b8fc1530b8b0579bb17659516a8f98b8d5a9aee17ca5404bc9acb39	4015159653	40.15159653
d1cc22eecc0e5263e3b1829a4e15c703ae33fae779fa29f3a20a64d7b31347d6	3999911256	39.99911256
d1e534e76e8c3041dcc83970f767c4c16cc4bbafce77247630761a2a5431791b	4055931730	40.55931730
d1faab2b56e0614d683b3add7ee658c44381d6653c046a59ef88f887a2f421b4	3914020692	39.14020692
d263b0e05da92266f501357fbf47b7c7ffcac01a350ab509d34c0ac568f07f06	3949994863	39.49994863
d26d7d556436c5484f23dd63f74aa7a39f196d66426e1dcf8e9a7706a34d1663	4000000000	40.00000000
d299a97cdc158b86efd250ffb354edb2919a66aafa60f00f7179bdf547f70d14	3999999700	39.99999700
d2c5f142ffdacb6366fdb1ffe83b1d9cf16bfd6a413fd629b62e519a47536dae	3999786192	39.99786192
d2ede41b5e1aaf878c374a13bad0b9eabd40bc5a8ea5cda829133b2f8d48368c	4014900086	40.14900086
d32e49377b5802e1b7c0c2bb85acd51cb660fec76eb2bbdd5234ad8b10247146	3998999442	39.98999442
d360d53e5fdac48df92d6ec31271346bbe57db7ab11ae29941850e2e1fe601d4	4001000000	40.01000000
d395cf7ea2d79bf5783e1443420122cbc98423c7fbda8b5e119bd4cd612b9d61	3964679422	39.64679422
d39aa751c0fbd30b6c745a51309097a005020de8f8f85795050348c75fd737b7	4000528920	40.00528920
d3ac7eca26a32766eac60907fa1a523cd89c187c0abeaa7bbf71d1a883427f7a	4004560620	40.04560620
d3b0e4d8627cfb3cf23861eccbde16f5efff0c2f379f7f1795f3f95cfc49b872	3930052716	39.30052716
d3d62a96e712bc49516f425bcfa041c8a26cad9b91c724f61f9a856284ec684e	4100000000	41.00000000
d3d7b8a8d45a3bee6359cc5ada2646b9eee62a6d57f37d8175f893765b66e391	3956127345	39.56127345
d3ea9fdcd319842422896e1f83875843b734275883facf0183da2a09d792f559	4000040600	40.00040600
d45b7a3ace1d1fe8d1ea43df4c0e7b81e2f373bfad4e757116cc0c14ae4fa6f4	4000000000	40.00000000
d47b5e861b3510780a53e7179721bdd50c4b6a9027a21e36e94b701572c468f7	4070525105	40.70525105
d4b53f8a4bc7631ce902813cd92e2444408567575591f997ab20be17278904e2	4026867222	40.26867222
d4e738b5094b976b40fe6729e3d0c66db67ed89e313a3e907c4498eb3a5cae9f	4000000000	40.00000000
d4f793c866af7daf5c4260f46edf9bba35ae65d4016b7cb514e6e73faf34e789	3999704308	39.99704308
d57b7a198f409ba9ce2988de41d287a670b906bc3ef6b6d542c9d9f06d2e2141	4003478105	40.03478105
d5844872df592a542db4c673f374a33463f0dbfb6cae0bd52c862e296eab1442	4020000000	40.20000000
d5fa43858081910de94fcdce00f0c87b530211cd82e8871e0891315aac240310	3982462946	39.82462946
d5fda87079f3e88e4e75bb625d17604f3ca97629abf89ed19229062790c36a22	3999986769	39.99986769
d62ae798421f10f37c9c7dcd2a075eac95a99701c0f98b8d6e659514bea64ccd	4000000000	40.00000000
d66ffaafaf7641692f73b619dbfbab2bc06d2c349787ab73cf09bc2cc6e5a75b	3999997480	39.99997480
d6b4c261cffd1277ecb516baddf32a763e5fa69a6cc044339cc874a3980a8ad3	3924391660	39.24391660
d7020ecd442ad91c049532715ef4f0b2de2c8c4c4e7f7608f8a3a607517d12f6	4038523023	40.38523023
d72f378a3b778e80030b7f20174595cf4e4ee578c0efcde969b0409dc436a0f1	3955811099	39.55811099
d751a3d35153ff1ac889e037adf8f95cb42a9340a97da092e05c909ea417fa24	4000000000	40.00000000
d7b0c1f570e1ffd4050606af6ccd9008a37f1d00f0a020f75cba8adf653bc5cb	4001209504	40.01209504
d86639eb9b63b3323bed5edb702c2d8552ca4199e97493980c3de59d1a485de9	3999998430	39.99998430
d8a2fee85f9798a790f3543ac5dae65ae19519f133e3071172a06b2489d1592b	4053741661	40.53741661
d8a54cb27c9f507620a38cd1b8b9454f7aff27e328420aafb50835c14605fe52	4082200260	40.82200260
d8ff81ebd010cc3fedc6a6ef765451867394d1c00b9455b780720ef40c1a9394	4000000876	40.00000876
d9733462d0ed18e62e0a3223620a919f693a59ebcdde5c71cabd3962c1714d55	3998000000	39.98000000
d99866e61981e3f8abc86b47e7749adf9678a6200740c9de0a412443ccbd6683	4000000000	40.00000000
d9b46fa782e2edc6c1cf9d3acccb99f9ccd70d69c8f70c58a783b17b13e30848	4009983224	40.09983224
d9b5db99e9e871e9c46f31d4791e35de4226ff10eb9126fb213799ba424dc673	3965010606	39.65010606
d9fefad90a911c4d2c4989e237033a7d9b459f6645e5058f359379cae7d593f1	4000000000	40.00000000
da83857aa3adeafc42710a48b062dd61936d951a341d5c358628fff4dc6d8ae2	3949987154	39.49987154
dadff59933fa842ad5d750770bf1a2eeb81078f59bee248d2891d9c67ca8203f	4000003060	40.00003060
dae2991557f138cae752c03a38c7133c861a0a4c0e8ea7b4a3888d0e65c66dfc	4000000000	40.00000000
dae4c121d88cf1aed4ce3aa51fd68930da0798a5eb7e4fc2b9d765554e40a38a	4062142530	40.62142530
db549d95f4e0ac00b90b4eae54bd5897a573571349df4f91187e24adc811112e	4092592247	40.92592247
db673f76fd3f926bb21eed42e7abf587787d8ab611a16efd764d39e627335c47	4000959878	40.00959878
db916d045db423b51162fbe183faf304b1555e2cc79c86b1d407dda0be7d9ec7	3900000000	39.00000000
dbf5e0260eff8ff1a5ef7a0943a4aeb0d3990e73d3d540df6fed35ba4fb4173f	4000000000	40.00000000
dbfd213d711dab86f597c863f70b4bfef287127fe81b1575a110e254c1291006	3931075804	39.31075804
dc12b52984aa9392c36c5338684425529a56df1acf6c54d9c6b9fc724243d047	3939614455	39.39614455
dc196d6d05659eee16273f5fa25fe5d083284dde463dfa8f015b04c9801936d8	3991039896	39.91039896
dc2f07ed7138a2e973f0f677975c483a13ff2bff0c6c72396781a7fe64a057e5	4000097786	40.00097786
dc3270d6007ce2b026f1bec620377cde7eeae793e70b7d8d5dfb1ce7d2c97079	3999996746	39.99996746
dcad337517035b352e79a431c62ac0ac4ffe83ac42fd2c9ee105272d7ac56448	3995387764	39.95387764
dcc2bfefb6ba1206293c64ef9b05f15697429da899c17ab69344868f90892bb3	4066520000	40.66520000
dcd019deb4bd7f4fa88b0facbe1503934e25ccc34637b2af413928d8c7fdbae4	3969915269	39.69915269
dd0148ecc2b80a91514cc0bcf26157818680aea8e375e296bb6ef5810571c9ec	4000000000	40.00000000
dd0558119a37ddbaefc6aeb2e8920805869d8cae667c4f3b50e68e919a442a45	3904598361	39.04598361
dd1bb6926436f2a896fc0136320167c7ee531c0111e45b6b3ee0c233ad906632	3938753405	39.38753405
de32f5fd043b7edaec5716096f4a5961e2b3eda512450ecae39e551f37e3b179	4004234588	40.04234588
debd0f5a9b81998b64170ab68573179fc0aa8039a504dae5501373ccf0d2c15e	4065173255	40.65173255
dec91bfb78a80aae96a146a033543b114d75d5ad1865ae0fe005ae7ed24a28bb	4048295697	40.48295697
dfcfcfc606ac8ddb2754d54e64b43127f77e330fa6c5b6b318a461e01c67a131	4000000043	40.00000043
e068d583696f82ccf3159e81050cb012c21850dff70335a306f2d4218756ba2f	4000000000	40.00000000
e06e8cdb68b92b6d6d28a47ffcbdb7bb2c0bc58ef859ba54192ca9882814fe4e	3984060448	39.84060448
e0d363eeb634ed94e2a4c9d5f83ed10aea48e4d3d4cf8b3030de05ec81c51674	4000000000	40.00000000
e0f0b14c758161235c246ff9d4f30226ee07a5f72e0ac29df159b0dec49d98ab	3989985000	39.89985000
e103191a5124b3bec625ad918141f22d320e867c42754b89c20e8bc4a94673c0	3918666102	39.18666102
e133e5edf219b257eef90028d97ac28c538e356addf9d2d3b3135493763321f6	4014195372	40.14195372
e1e96879b34861081c3889e02bf7fb3fd5fa15065dcec02c9360f2e62ee615e4	3999999559	39.99999559
e27bd2f7af128aeda2a6eca289f0dc22a5bad7a214d4cb86a5568ce4a16d8c22	4020139484	40.20139484
e2a5a00405b46abeee9c843f60768f54756f5b8710d87b3960e5b92580be6bcb	4043281346	40.43281346
e3449a0cbbc901bd7fe4aff4d7d931e4c41c2a6dac1efee65cc098727749cf0a	4087939474	40.87939474
e42eaba30d6c1fab2f8a86007a561fe81e0248f21d52d8d71464f265d63cf122	4048778171	40.48778171
e45108bc4f181a0a3af3412c6b0a55933434b838e36ecd14f06e5085d517decc	4001000000	40.01000000
e52b2a22eebaa6f5c2a801559a08b96289b7cb7047a8c57d795cc156a3816f88	3915583299	39.15583299
e600aafff0ea62310a5d834a8cc67f7132fd3c153da329fdd003d373108b63ce	4038963536	40.38963536
e62d108acac9c5dd8c80d294938aca87fa79b0d6fc8019156d0c32d49a2ab6bb	3996067533	39.96067533
e669ed0b798f1842a11e79a4e459e07a9a3345faf5ad300834fe7e447e711fa8	4001000000	40.01000000
e6a551118d6da4060e56007c96a8ae90a6da8c28be856924b721d56c51d9f0ec	4077669900	40.77669900
e733495d3589aed519489a6bd7687854a5e043adf25db0755d6dd2c071323b2d	3929709252	39.29709252
e749d56664617768bf0be43dfc68acca5d29a73fa2047016dec9c731b0c2ddd8	4086845891	40.86845891
e7539c95f94463cb210cbf93d7b5bb143991b8acf5233b06f16e2f98bb74c2b6	4050000000	40.50000000
e76fca3f741342994a9e449c65a4d536283832e4bb4ec44bd6fe3868b30ff81f	3914101353	39.14101353
e78887dd9f24196eeac67e0e2469371e2aebfc6a265891d64fd093b4fa6d326b	4000000000	40.00000000
e79c2fa062db9cc12c2ac99a69af5f7ef833a7f6e90336bad8ffdc237a274040	4008330000	40.08330000
e7bf22ab5bc4089cbc902dacb3346d1b762ae7ff645bb368dc927895e9960dc4	3928419395	39.28419395
e836a82bf1c47d9db24be7468c02d6fdecd6a20c364f4911601772f1617d5a24	4081863659	40.81863659
e85be4d21f6c28edbfd02656ac1995aa004da617bded4786e1dc358b0bbfab7e	4078620000	40.78620000
e8a839b5d32dbe3af374e4c2b50b97580c7f18fb6679d72d167736a4ea903d71	3960384421	39.60384421
e8ac38d0e721f28360062ef28980b44bb16895a1aee5fd87f5b1784c514fcb4a	4006999322	40.06999322
e9232a8a8d0d09d5bd0c96b84eabaefb3be8055957d6520c4c0d1f6d836fcde9	3967000288	39.67000288
e9ba4074bb7d7b30eb4faa1774711c649358330b32eecd0bd21dc10c890ffdb7	4041035629	40.41035629
e9bc9c78d5fc06c7b9f894a3f324beb814a4185a611a2e3b6a5ee6d12c47efe5	3962522835	39.62522835
e9ea1063bfe5c22996ec8e074c32f8bbcb05dea294208c21541815030aa0b4c0	4054331782	40.54331782
e9fbe130c8a6c5f3c730afff868eb9355d4f9c5e207d6539db7d799bcb4716bf	3999894136	39.99894136
ea4203b9a70aee69f6547830e9d8c7f13a6eff9816c7cbc2ee9befc966005704	4014968931	40.14968931
eaa10ddcca219f530d24dbcf241f69707780f8279f7f340cfb62e75ee0f46803	3999996361	39.99996361
eaa5f26d50a23949d5b13c3201f97501504a6fae2628484531355b210c9022e3	3941709985	39.41709985
ead84e75a3fa93d50a40e44df924093f776174b28e6f5bad4b81d83759cabfa8	3989201298	39.89201298
eade708b067559cbef18c9e3651d75fc9918b72944e3cee9f9eb36646dfa5f44	4005152615	40.05152615
eaebeae9d0c010ae4312f8e5fe0ed82756b629b25b9533a452d0201e883c4bdb	4075991768	40.75991768
eaff23e361cacdbf48b4cb2c825b96ed2491400ed7354e854f4c545ec92ded49	4072878072	40.72878072
eb07bbff17cc3454be0a7ab6a390d6b5ef79aba998eaa6d3bb8a216ac364f1c9	3908843322	39.08843322
eb5b4aff7b1c2d3d31650bf2795b2f971a866419ad3e40d0a7de158c666d71aa	3900000000	39.00000000
eb78242b4b57ef0a5d011f9e5adedb1ae2a07267d7b7e315a3f73a59bd395fa1	4036368085	40.36368085
ec265b32063395dcac98d318d0d002a28d4624add8f7cba4f9ce0d833880712b	3921366668	39.21366668
ec7a60017c42e6acb6f1ee1ba5005a4fe3d359573c1e80246f73c46e9757793d	4000000000	40.00000000
ecd6544bd09bc21b403856fee8bb5be6012802df38c2d7d39fa6e333041440a0	3913966958	39.13966958
ed04e3df88ea3975a90237b041eb0224f3cc7135cdfab4cb63742fb7e52a749d	4066307952	40.66307952
ed0adad7f9f59dd0bbd18e18883428b922a4fc90501486fc955434564889b7bc	3999998670	39.99998670
ed14f36ec3e1a8db9eb6dee71b61789f57ad2e51c7953b8daddaee45d0302ab4	4068013553	40.68013553
ed1c843dca96cdf1c115b3b742364b8be50d70e2bf84ae8a68bc47f3bbe68a89	4000000000	40.00000000
ed22822da4716a03a0134c0114c9c1d18ed1ac9ab9d27f49634a5538d2a198f1	4012517926	40.12517926
ed27dd790d618806185b8939b0f1fe8f818edeb1dd116d767ace8e7962b24054	3999999858	39.99999858
ed2f50b823a2588969e71f76d9aa54f2aac18f3af604e3d56467d331166554e3	4039402000	40.39402000
ed660eabb9771778c6440ed16c275d5346f8076e8d276a5462ffbddaca640f7e	4000000546	40.00000546
eda6bbe6677159231374d5ff53c0b8047d3d0fab533fc48e3dc05142482900a6	3999897000	39.99897000
ee73484d78c69cf004b78d96fd830063f8ab770c65f576e537e716f6396e93c2	4046314525	40.46314525
ee7973d193c77c0bd0c466bf4793adfba04aad4cef8ec1aca766282383069654	3981138890	39.81138890
ee8c63825b35eebe93caa95a764008b005267b06876d438858190ce03c122021	3999412666	39.99412666
eeaa2546a11fc27e34e9033fb043a3b7176f1d0131a8923efa0304087d620b33	4000197966	40.00197966
eec20e639152776d37931d5cbecceeaae042b061b6482091119074c69aea0390	4015978549	40.15978549
eecc2c6b19937fc48fd1669602f776355a2706c7782a5045053a696de4fd1c24	4099529639	40.99529639
eed489fbb76f64b8f15a5ae0a9e3ecaccfd68e08ffb1b0efc3e8444682516674	3900000053	39.00000053
eef5848a3f9473aad8043d4e7304abfdb438c48030cb4f8541b0781a101ba0de	4000000546	40.00000546
ef0534b88ea87c40301c9965eff422b4a1a82fe7e495a4bcfb265dee32e35cde	3999997178	39.99997178
efcacb82dac3b55905b4a2acfbd05022bac590a3204fde38d376d8fcda193ff8	3945709019	39.45709019
eff41f5be2246b6ad984ff63af07504563833caaae3e761eb471ca57573c37cc	4000000000	40.00000000
f029f01d4c484ddbd7514d9590aa43c212b5ef5ace2ec406c51e0615d7d3ae5f	3955358045	39.55358045
f034f437a380d23bc4192a45c881893a90e441de5e980f9fbe93916b1d5e3030	4000353470	40.00353470
f0f7e6ee6e5c405fdd08264707200ca52eda024bf10876d3c1474ec1b8293167	4038925941	40.38925941
f13dcac4787793aca7ac85d4a6b6edaf5b8774513861d217ecb7298be8fa4c3d	4000000000	40.00000000
f1f4d0eeabcf23338a2d0ee37292029d50d617482dfaefb9bdb4f1608e0b0a3d	4000000546	40.00000546
f236d0b7739e12414335ed2d3cf95b2e2034239b227e8c1655ba829b194d67f8	3991880506	39.91880506
f2ee0293d7f6687838dcc31b52ecba86076af09e3bb8c3659b7fb9276614db79	3939582415	39.39582415
f30fdd410705979a77ed996f05396b7aa4739734443dcb872a2e3579b0a99c1d	3956210000	39.56210000
f3126600f85f15e8a995746f93804f67ba9dd4c9fe97a5e715146d0675fe36e8	3983529051	39.83529051
f36083956951e341c9ca8eafea5075cfda42c950e377d85ad6f758e1e45e978c	4000000000	40.00000000
f3651ef547f01126f80cfa1eb790d715f5a9523912bf34663b22c82a3d63298f	4064957680	40.64957680
f3b12cd4267af9fd24ce8b9465b2f142091fac52cfe390e06fbe1a547a728ba6	4001953817	40.01953817
f4011546406715cbfb0123d41f3b749cc046077870ed83e096a0810e96064185	3914520674	39.14520674
f4810f38f4877bc9f4a402a88f63ec08516e37a2285b9801bb92468baa8f39e9	3952814299	39.52814299
f48598a9c80a66296a095e03bd9c5f7d2d684ee0a3df9e1922a267993abe44f0	4000001746	40.00001746
f4d8b53754336dc000a24741b53f3c09faa20bb360a954bac6a45830548cdbe8	4000000546	40.00000546
f52907b93b5b07ba94960363a350bd4a8c8ab3acda6d9fe1ab0767a0bff83a6d	4082821830	40.82821830
f53bb6280769d57c3781fe9402b093b36de53db821d690366de374cb85bbe3bb	3953892694	39.53892694
f5c9ef0e6b6b4234471c7a7152b8182aa4e5ff2bcc198ca560779dbe8e4f6a34	4031096846	40.31096846
f5d825e2f6cba5ad22959948e4fcb9d8af66bdee6115282135c495f955b787cd	4019520000	40.19520000
f5e71a6e1ca08b417a30a846206ae2c1064746610a46fd2ade7cddcd9c702046	3900960000	39.00960000
f62c9440f224623c2abaa1964a44643ada36aa336dddee8e5bf4c999b9aceb03	4000000000	40.00000000
f6491c2234a22fbef12ce5c1e6ab2bd40dfae30a01a8852dec09ad695305688f	4000000000	40.00000000
f64acc5029d1d6b7d1ce0269b76a983da0c36fbf163cb10cbc8ef0c1140071c7	4000564669	40.00564669
f6905b7c08b3816fe7776d6b09a9ae3f27936e01c3bf08acb4bfe3c2f8c2ca66	3999997810	39.99997810
f6b999a5420e069427377deea40caf895210a49364c944ed991f049425528b3a	4001000000	40.01000000
f6d21e9a1d543a44e1f4ecdd80e28ac17ef5d17352150dd0c41d0237712e79ba	3940523875	39.40523875
f788f86d4036270913d6c9a1f206ce26570a5ba91a4b302cf8d23a5d4e7bda54	4014000000	40.14000000
f7fc4a9bc8082b05ce5cc4cc0b483c4b756d016c29e0adb4cc2dce4c0b8a350b	4000000000	40.00000000
f806a07000979e6d1294ab0354deaa54d74c02be544647110336bcbdd86dfb4c	3924957601	39.24957601
f828ccd41f64f02699497cb0d32fb12551100978d15ae73c6eed19843ea912b6	4020000330	40.20000330
f86265b6098f826eb629f957280de15e78e375c245150639f7c19a498dafa853	3993994339	39.93994339
f86768a56716083f6d7ef9ea8bb42146ad07b7821dbd56cb2112d57be1685d99	3984421266	39.84421266
f8e4914012a8f9af65b55a64525d0d21430749f2ecb4ccebf23af802633995c9	4073009430	40.73009430
f90ec64c4b2fdfd195228a7c315b302665d66e90c0f3743203e2676cdf94b8fd	4000000876	40.00000876
f990b1590f2180f4f2770f020c7a4f6941ad4f13296f07aa98288db95c9139c3	3982699570	39.82699570
f9a4b4ccee849a4849f9419e473be2016eb258c8be43cb2f77e2569bf598aafb	4091195502	40.91195502
f9a7871951e06e447640d1ee5f9acb0147ac92da976f8e24dd2461b9cbefb3be	4021701452	40.21701452
fa167dd552af66376d4eb69a2048e13a88426e2a4a6ef38c6cfd3ec16b70efc8	4043061529	40.43061529
fa17e94de6480c0530e4204c8d25ec84ca75cc12b8740d58dc022a779a3508e2	4060058916	40.60058916
fa5f3495906a38b7bda328ae53dd307f10d65ffcdc4cc5c6eaf16ba573d93442	4031942134	40.31942134
fa87dd6237b3fceaea0fff7e5cc1c74d6fa3efddaa8a373884113b7d7067442f	4000000000	40.00000000
fb0bd6a77a3888b08040075c0c44a44372788536b832187c7d3f240dfe59455a	3999999490	39.99999490
fb632c9b0f496b7d57aac93fce1b7dc112b6420501073b1833e96e480acab0b7	4066299565	40.66299565
fba7d13a524133bb295751e3917b9f6af36aae113cfaf51ecea6143a6630a94b	3999980000	39.99980000
fbaabf798fb7a7b299ecfde9b3d6ec67176e55a8887c07c2b40f45f79f1eff17	4000000000	40.00000000
fcf13f4d09b081bb7a4e79023cd2ecbed2be51c3b9928026ea7bf4d2100c94fd	3939039703	39.39039703
fdb615eb600aadb98ce4faf0fc9fb451ebf48cf4076ffa30fa1d8bce7dac87c1	3900706849	39.00706849
fdffedeac9ddff4f56cc1c066f22571bb839c1d424c2468bd219af26526c1176	4000000000	40.00000000
fe2c51773c2f014aaffbc7388f6de34ef600f6e01a86a1fba80da28339cd4c52	4097542103	40.97542103
fe2e02a16ce88b91c08a7dfbb260dcc028a52a6722b4c487251e8e74fc2510e7	4058788670	40.58788670
fe54f0de59adec42f939b24ea5df4fcafcda8a1b7d6025bf184283e36e17cc63	3977564234	39.77564234
fe738a91344c77205bdf28eedcbcdbd912781b143a1da19341c81842f8e6dd46	3999999000	39.99999000
ff2fea29ac5bee1348ee45fdef1fd793318a7220f9d6a9384c1eac3e9e82e4be	4004045390	40.04045390
ff376272ffff6da6833075e3dbb653831ab0df492f2c6dacc34f551919c95840	4002367562	40.02367562
ffb69e1daa047154708121e3316e5ba54e165d962ce7bd2f81a6f54e2e44fbf7	4065847224	40.65847224
ffee753fbdc23192e7c16788902c97ec7fe85b6a6e5906e757b4c0b2597c8a8b	3999733370	39.99733370
